product_id,category
2377056833,สว่านไร้สาย
2330940580,สว่านไร้สาย
4172280859,สว่านไร้สาย
2379809765,สว่านไร้สาย
4501793987,สว่านไร้สาย
1247946026,สว่านไร้สาย
4440634363,สว่านไร้สาย
4249600507,สว่านไร้สาย
4194672501,สว่านไร้สาย
2925122494,สว่านไร้สาย
4070018923,สว่านไร้สาย
4097085186,สว่านไร้สาย
586628803,สว่านไร้สาย
4489998659,สว่านไร้สาย
4613147934,สว่านไร้สาย
1544014133,สว่านไร้สาย
2978468168,สว่านไร้สาย
4383340815,สว่านไร้สาย
4014428616,สว่านไร้สาย
4152593029,สว่านไร้สาย
2885724498,สว่านไร้สาย
772760426,สว่านไร้สาย
4562533551,สว่านไร้สาย
4335557761,สว่านไร้สาย
4070068426,สว่านไร้สาย
4683733582,สว่านไร้สาย
292646221,สว่านไร้สาย
4690523095,สว่านไร้สาย
3827536947,สว่านไร้สาย
3985015970,สว่านไร้สาย
4184509072,สว่านไร้สาย
4277591766,สว่านไร้สาย
3965675404,สว่านไร้สาย
2519001737,สว่านไร้สาย
4188229715,สว่านไร้สาย
1812042209,สว่านไร้สาย
4232169460,สว่านไร้สาย
4630003756,สว่านไร้สาย
4669191449,สว่านไร้สาย
4698187014,สว่านไร้สาย
4769418798,สว่านไร้สาย
2660814302,สว่านไร้สาย
4099792394,สว่านไร้สาย
2331248178,สว่านไร้สาย
303944448,สว่านไร้สาย
274625250,สว่านไร้สาย
4682113220,สว่านไร้สาย
462494564,สว่านไร้สาย
3905448430,สว่านไร้สาย
2885674818,สว่านไร้สาย
2815142650,สว่านไร้สาย
5277145132,สว่านไร้สาย
5107497173,สว่านไร้สาย
5028701703,สว่านไร้สาย
5299625535,สว่านไร้สาย
5043408331,สว่านไร้สาย
3084639318,สว่านไร้สาย
5021584242,สว่านไร้สาย
5164357194,สว่านไร้สาย
5713202704,สว่านไร้สาย
5713267453,สว่านไร้สาย
5511459498,สว่านไร้สาย
5509775449,สว่านไร้สาย
4256740855,สว่านไร้สาย
2799443650,สว่านไร้สาย
4256752886,สว่านไร้สาย
5682933155,สว่านไร้สาย
5713615402,สว่านไร้สาย
5293804321,สว่านไร้สาย
5713540639,สว่านไร้สาย
5269929977,สว่านไร้สาย
5713194741,สว่านไร้สาย
5087453866,สว่านไร้สาย
5186351827,สว่านไร้สาย
5364579037,สว่านไร้สาย
5698754466,สว่านไร้สาย
5713491734,สว่านไร้สาย
5762222446,สว่านไร้สาย
5736631163,สว่านไร้สาย
5024974743,สว่านไร้สาย
5708248485,สว่านไร้สาย
5735842954,สว่านไร้สาย
5719491809,สว่านไร้สาย
5630314617,สว่านไร้สาย
4186117487,สว่านไร้สาย
5747296607,สว่านไร้สาย
5674561144,สว่านไร้สาย
5484328001,สว่านไร้สาย
5592071154,สว่านไร้สาย
2405248700,สว่านไร้สาย
5501144096,สว่านไร้สาย
5757453840,สว่านไร้สาย
5463007557,สว่านไร้สาย
5724573466,สว่านไร้สาย
5075822758,สว่านไร้สาย
5054063209,สว่านไร้สาย
5769473073,สว่านไร้สาย
5746096054,สว่านไร้สาย
5767822346,สว่านไร้สาย
5748259235,สว่านไร้สาย
5712804080,สว่านไร้สาย
5713493437,สว่านไร้สาย
5683311243,สว่านไร้สาย
5650148438,สว่านไร้สาย
5694071054,สว่านไร้สาย
5508853285,สว่านไร้สาย
5679044340,สว่านไร้สาย
5736590888,สว่านไร้สาย
5713488229,สว่านไร้สาย
5028889626,สว่านไร้สาย
4949741732,สว่านไร้สาย
5008999643,สว่านไร้สาย
5713588374,สว่านไร้สาย
5741143532,สว่านไร้สาย
5769401348,สว่านไร้สาย
5449031254,สว่านไร้สาย
5739485919,สว่านไร้สาย
5689034856,สว่านไร้สาย
5425218215,สว่านไร้สาย
5782072992,สว่านไร้สาย
5784266067,สว่านไร้สาย
2209830525,สว่านไร้สาย
5776435095,สว่านไร้สาย
5182268011,สว่านไร้สาย
5757420520,สว่านไร้สาย
5614199283,สว่านไร้สาย
5770069668,สว่านไร้สาย
5475757355,สว่านไร้สาย
5855491795,สว่านไร้สาย
3811461734,สว่านไร้สาย
5689653922,สว่านไร้สาย
5436478093,สว่านไร้สาย
5670688558,สว่านไร้สาย
5856780055,สว่านไร้สาย
5572717187,สว่านไร้สาย
5790374735,สว่านไร้สาย
5741787960,สว่านไร้สาย
5742548722,สว่านไร้สาย
5501022917,สว่านไร้สาย
5514263272,สว่านไร้สาย
5741849508,สว่านไร้สาย
5783159535,สว่านไร้สาย
5814832465,สว่านไร้สาย
5098440293,สว่านไร้สาย
5509857163,สว่านไร้สาย
4671731923,สว่านไร้สาย
5845817057,สว่านไร้สาย
5809849040,สว่านไร้สาย
5135145059,สว่านไร้สาย
5750721037,สว่านไร้สาย
5748097071,สว่านไร้สาย
5423529522,สว่านไร้สาย
5835813023,สว่านไร้สาย
5791936153,สว่านไร้สาย
4960897988,สว่านไร้สาย
4869403777,สว่านไร้สาย
5704996939,สว่านไร้สาย
5824751922,สว่านไร้สาย
5816186602,สว่านไร้สาย
5781997710,สว่านไร้สาย
5815525279,สว่านไร้สาย
5630368424,สว่านไร้สาย
5057933855,สว่านไร้สาย
5570135496,สว่านไร้สาย
2899286045,สว่านไร้สาย
5054716681,สว่านไร้สาย
5142628017,สว่านไร้สาย
5908824254,สว่านไร้สาย
5784283013,สว่านไร้สาย
5614187903,สว่านไร้สาย
5634125716,สว่านไร้สาย
5458137478,สว่านไร้สาย
5911851070,สว่านไร้สาย
11963981546,สว่านไร้สาย
18822677840,สว่านไร้สาย
23645207090,สว่านไร้สาย
17839607171,สว่านไร้สาย
16097613136,สว่านไร้สาย
20946255973,สว่านไร้สาย
20555591035,สว่านไร้สาย
20046853874,สว่านไร้สาย
1979008190,สว่านไร้สาย
14246385151,สว่านไร้สาย
2265140008,สว่านไร้สาย
22370913412,สว่านไร้สาย
4861516881,สว่านไร้สาย
20148075083,สว่านไร้สาย
19363819635,สว่านไร้สาย
2228901430,สว่านไร้สาย
13336294848,สว่านไร้สาย
23043646001,สว่านไร้สาย
7857444319,สว่านไร้สาย
2227891620,สว่านไร้สาย
22426325188,สว่านไร้สาย
18756972298,สว่านไร้สาย
10058970348,สว่านไร้สาย
20180945920,สว่านไร้สาย
20135793923,สว่านไร้สาย
23540306822,สว่านไร้สาย
20014848792,สว่านไร้สาย
14889773135,สว่านไร้สาย
18289317080,สว่านไร้สาย
11967204368,สว่านไร้สาย
19672931970,สว่านไร้สาย
16739604733,สว่านไร้สาย
21635951826,สว่านไร้สาย
13795430642,สว่านไร้สาย
16994843000,สว่านไร้สาย
19846857680,สว่านไร้สาย
19371926311,สว่านไร้สาย
8655354214,สว่านไร้สาย
8182106161,สว่านไร้สาย
4371459287,สว่านไร้สาย
2021153578,สว่านไร้สาย
10998160583,สว่านไร้สาย
6848399437,สว่านไร้สาย
22146270071,สว่านไร้สาย
20047132663,สว่านไร้สาย
18538027408,สว่านไร้สาย
13897060260,สว่านไร้สาย
20390662622,สว่านไร้สาย
11669894434,สว่านไร้สาย
5988728622,สว่านไร้สาย
22269456489,สว่านไร้สาย
21932125930,สว่านไร้สาย
7256040708,สว่านไร้สาย
11032729054,สว่านไร้สาย
21771328642,สว่านไร้สาย
18889406632,สว่านไร้สาย
18716649524,สว่านไร้สาย
8108973634,สว่านไร้สาย
21529821953,สว่านไร้สาย
19864101823,สว่านไร้สาย
19732728403,สว่านไร้สาย
19202677358,สว่านไร้สาย
18363277138,สว่านไร้สาย
17085378504,สว่านไร้สาย
11791857253,สว่านไร้สาย
9954319539,สว่านไร้สาย
7819627973,สว่านไร้สาย
5861506651,สว่านไร้สาย
22147044306,สว่านไร้สาย
19632731050,สว่านไร้สาย
16664293373,สว่านไร้สาย
11185739377,สว่านไร้สาย
8715505784,สว่านไร้สาย
6177129260,สว่านไร้สาย
5418193099,สว่านไร้สาย
22848108617,สว่านไร้สาย
21267364496,สว่านไร้สาย
18029813375,สว่านไร้สาย
15047645996,สว่านไร้สาย
13228575589,สว่านไร้สาย
11797226485,สว่านไร้สาย
3068922777,สว่านไร้สาย
23845028526,สว่านไร้สาย
23101499371,สว่านไร้สาย
21828201307,สว่านไร้สาย
20946854459,สว่านไร้สาย
19964113522,สว่านไร้สาย
19667369005,สว่านไร้สาย
18138014349,สว่านไร้สาย
16791514847,สว่านไร้สาย
14583355293,สว่านไร้สาย
23608191992,สว่านไร้สาย
23470318739,สว่านไร้สาย
23111917314,สว่านไร้สาย
21723510265,สว่านไร้สาย
20432929531,สว่านไร้สาย
20138025426,สว่านไร้สาย
19955249497,สว่านไร้สาย
9572712217,สว่านไร้สาย
9320099036,สว่านไร้สาย
22756490894,สว่านไร้สาย
23154285982,สว่านไร้สาย
23283012585,สว่านไร้สาย
22174475105,สว่านไร้สาย
14088968807,สว่านไร้สาย
16797616474,สว่านไร้สาย
19692819473,สว่านไร้สาย
19685940513,สว่านไร้สาย
14297905681,สว่านไร้สาย
21633772549,สว่านไร้สาย
16896338127,สว่านไร้สาย
19791521202,สว่านไร้สาย
22660212698,สว่านไร้สาย
20895525395,สว่านไร้สาย
21794075616,สว่านไร้สาย
24755111974,สว่านไร้สาย
24605121143,สว่านไร้สาย
25956534199,สว่านไร้สาย
24857619791,สว่านไร้สาย
25006656094,สว่านไร้สาย
24257350778,สว่านไร้สาย
25006689502,สว่านไร้สาย
23078708548,สว่านไร้สาย
25307676126,สว่านไร้สาย
25107672004,สว่านไร้สาย
24812464738,สว่านไร้สาย
2996836583,สว่านไร้สาย
25012379585,สว่านไร้สาย
25156473857,สว่านไร้สาย
24161403365,สว่านไร้สาย
18511389283,สว่านไร้สาย
24415120373,สว่านไร้สาย
24564452053,สว่านไร้สาย
18256962816,สว่านไร้สาย
25200530875,สว่านไร้สาย
25655029074,สว่านไร้สาย
25713766379,สว่านไร้สาย
18329903855,สว่านไร้สาย
24209161738,สว่านไร้สาย
24113782913,สว่านไร้สาย
11764251157,สว่านไร้สาย
24413556408,สว่านไร้สาย
19994005072,สว่านไร้สาย
24066228897,สว่านไร้สาย
24960735220,สว่านไร้สาย
15497920515,สว่านไร้สาย
22409873584,สว่านไร้สาย
14369922318,สว่านไร้สาย
13599913577,สว่านไร้สาย
24456936409,สว่านไร้สาย
24520315421,สว่านไร้สาย
24820812424,สว่านไร้สาย
17891171788,สว่านไร้สาย
2860361706,สว่านไร้สาย
18656192203,สว่านไร้สาย
23070511148,สว่านไร้สาย
23847334153,สว่านไร้สาย
16754639687,สว่านไร้สาย
22144603608,สว่านไร้สาย
24764603580,สว่านไร้สาย
24259458505,สว่านไร้สาย
25219806952,สว่านไร้สาย
24920009791,สว่านไร้สาย
25320614630,สว่านไร้สาย
24812634226,สว่านไร้สาย
25167609726,สว่านไร้สาย
22774856118,สว่านไร้สาย
25669023980,สว่านไร้สาย
18385287410,สว่านไร้สาย
25523838639,สว่านไร้สาย
25868744127,สว่านไร้สาย
22009873709,สว่านไร้สาย
22275843122,สว่านไร้สาย
23263190355,สว่านไร้สาย
23147464158,สว่านไร้สาย
25870969014,สว่านไร้สาย
24157833015,สว่านไร้สาย
25754826971,สว่านไร้สาย
23279830828,สว่านไร้สาย
25454822492,สว่านไร้สาย
25713418981,สว่านไร้สาย
25312374649,สว่านไร้สาย
25955330041,สว่านไร้สาย
25919248369,สว่านไร้สาย
25224369621,สว่านไร้สาย
24213088628,สว่านไร้สาย
25662578660,สว่านไร้สาย
25417048926,สว่านไร้สาย
20623523201,สว่านไร้สาย
25860878222,สว่านไร้สาย
24107624623,สว่านไร้สาย
24207538067,สว่านไร้สาย
25661959338,สว่านไร้สาย
25513083218,สว่านไร้สาย
24507538328,สว่านไร้สาย
26050777641,สว่านไร้สาย
28301588787,สว่านไร้สาย
24215613275,สว่านไร้สาย
24780005386,สว่านไร้สาย
24516347683,สว่านไร้สาย
25569936799,สว่านไร้สาย
24007843020,สว่านไร้สาย
28500649664,สว่านไร้สาย
24183460996,สว่านไร้สาย
25471555066,สว่านไร้สาย
25218826956,สว่านไร้สาย
25061902610,สว่านไร้สาย
25329502885,สว่านไร้สาย
29401745950,สว่านไร้สาย
24479352755,สว่านไร้สาย
24470620311,สว่านไร้สาย
24368533845,สว่านไร้สาย
26151532585,สว่านไร้สาย
25163868062,สว่านไร้สาย
25120223467,สว่านไร้สาย
28754872819,สว่านไร้สาย
22166323379,สว่านไร้สาย
29410694292,สว่านไร้สาย
27705976051,สว่านไร้สาย
28166852216,สว่านไร้สาย
28316841243,สว่านไร้สาย
29416855902,สว่านไร้สาย
26469902371,สว่านไร้สาย
29214068961,สว่านไร้สาย
27413575567,สว่านไร้สาย
28115408518,สว่านไร้สาย
24939193688,สว่านไร้สาย
28265881347,สว่านไร้สาย
25736934167,สว่านไร้สาย
29818806145,สว่านไร้สาย
26218371997,สว่านไร้สาย
17195148868,สว่านไร้สาย
16994367804,สว่านไร้สาย
28968815179,สว่านไร้สาย
862551655,สว่านไร้สาย
24188005180,สว่านไร้สาย
28706954134,สว่านไร้สาย
26962779515,สว่านไร้สาย
24540147957,สว่านไร้สาย
26263570875,สว่านไร้สาย
26661503848,สว่านไร้สาย
26219277389,สว่านไร้สาย
27227739625,สว่านไร้สาย
26174621935,สว่านไร้สาย
24521700647,สว่านไร้สาย
26274652635,สว่านไร้สาย
25836588699,สว่านไร้สาย
27065487283,สว่านไร้สาย
5679180601,สว่านไร้สาย
26768364088,สว่านไร้สาย
29809061239,สว่านไร้สาย
25889722157,สว่านไร้สาย
29477384260,สว่านไร้สาย
29168927529,สว่านไร้สาย
27969003627,สว่านไร้สาย
26322771343,สว่านไร้สาย
27512519295,สว่านไร้สาย
28421388570,สว่านไร้สาย
29474965537,สว่านไร้สาย
24906770062,สว่านไร้สาย
29465779775,สว่านไร้สาย
29518239675,สว่านไร้สาย
29428576182,สว่านไร้สาย
26119165516,สว่านไร้สาย
26018749993,สว่านไร้สาย
27523346274,สว่านไร้สาย
27578577564,สว่านไร้สาย
27728480420,สว่านไร้สาย
29380281706,สว่านไร้สาย
27268375900,สว่านไร้สาย
26360689367,สว่านไร้สาย
29728466471,สว่านไร้สาย
28678302222,สว่านไร้สาย
29202731085,สว่านไร้สาย
29708223758,สว่านไร้สาย
28813312238,สว่านไร้สาย
28871448579,สว่านไร้สาย
28964719405,สว่านไร้สาย
26962580649,สว่านไร้สาย
28282867894,สว่านไร้สาย
24844615596,สว่านไร้สาย
29182730057,สว่านไร้สาย
26981193714,สว่านไร้สาย
13955002047,สว่านไร้สาย
24893482423,สว่านไร้สาย
29268892909,สว่านไร้สาย
24381417146,สว่านไร้สาย
42750357260,สว่านไร้สาย
43750352650,สว่านไร้สาย
42802803281,สว่านไร้สาย
24658946154,สว่านไร้สาย
40807414390,สว่านไร้สาย
42857303560,สว่านไร้สาย
41957170085,สว่านไร้สาย
42206393021,สว่านไร้สาย
40606396764,สว่านไร้สาย
42156358547,สว่านไร้สาย
27887996602,สว่านไร้สาย
43406020704,สว่านไร้สาย
42706958174,สว่านไร้สาย
43156693812,สว่านไร้สาย
41506020285,สว่านไร้สาย
29888000544,สว่านไร้สาย
40401717770,สว่านไร้สาย
40251722943,สว่านไร้สาย
29136719853,สว่านไร้สาย
42652517622,สว่านไร้สาย
40651527931,สว่านไร้สาย
43251539669,สว่านไร้สาย
27736671088,สว่านไร้สาย
41951191401,สว่านไร้สาย
40551527846,สว่านไร้สาย
43901210005,สว่านไร้สาย
42251202122,สว่านไร้สาย
27435377081,สว่านไร้สาย
26735377001,สว่านไร้สาย
29984839348,สว่านไร้สาย
26734602182,สว่านไร้สาย
42006657472,สว่านไร้สาย
29086400975,สว่านไร้สาย
40610591447,สว่านไร้สาย
28639242606,สว่านไร้สาย
29189215546,สว่านไร้สาย
40110462780,สว่านไร้สาย
40460463158,สว่านไร้สาย
44009286713,สว่านไร้สาย
41859101325,สว่านไร้สาย
28606505244,สว่านไร้สาย
29026137406,สว่านไร้สาย
44415616599,สว่านไร้สาย
41665136355,สว่านไร้สาย
43864887290,สว่านไร้สาย
40064861068,สว่านไร้สาย
28590272810,สว่านไร้สาย
41114313765,สว่านไร้สาย
41314310613,สว่านไร้สาย
43362377657,สว่านไร้สาย
40762275088,สว่านไร้สาย
44211920491,สว่านไร้สาย
43661484408,สว่านไร้สาย
44061112194,สว่านไร้สาย
42409396484,สว่านไร้สาย
41507755622,สว่านไร้สาย
40707196338,สว่านไร้สาย
26839741136,สว่านไร้สาย
42471566583,สว่านไร้สาย
43521356418,สว่านไร้สาย
40721361956,สว่านไร้สาย
41255825827,สว่านไร้สาย
12788433325,สว่านไร้สาย
29885392619,สว่านไร้สาย
43403641467,สว่านไร้สาย
40001460504,สว่านไร้สาย
28836713486,สว่านไร้สาย
56900735095,สว่านไร้สาย
41325899676,สว่านไร้สาย
40225624797,สว่านไร้สาย
42375625680,สว่านไร้สาย
26992762299,สว่านไร้สาย
41122809789,สว่านไร้สาย
43819988999,สว่านไร้สาย
41719998196,สว่านไร้สาย
24912756393,สว่านไร้สาย
24170968505,สว่านไร้สาย
53201284746,สว่านไร้สาย
55601525626,สว่านไร้สาย
46751045534,สว่านไร้สาย
54900801442,สว่านไร้สาย
41326553550,สว่านไร้สาย
47450267298,สว่านไร้สาย
57800236607,สว่านไร้สาย
56400240132,สว่านไร้สาย
45600123214,สว่านไร้สาย
53250082200,สว่านไร้สาย
55550062272,สว่านไร้สาย
42475638412,สว่านไร้สาย
42323405986,สว่านไร้สาย
42917442579,สว่านไร้สาย
43465684062,สว่านไร้สาย
42313892643,สว่านไร้สาย
27655885000,สว่านไร้สาย
43008957274,สว่านไร้สาย
40653550134,สว่านไร้สาย
28286965227,สว่านไร้สาย
41752021524,สว่านไร้สาย
57561662531,สว่านไร้สาย
1729758343889652555,สว่านไร้สาย
1729991922744265295,สว่านไร้สาย
1729649763640970227,สว่านไร้สาย
1729945521473031109,สว่านไร้สาย
1729946986172419050,สว่านไร้สาย
1730116700730067922,สว่านไร้สาย
1729917710505577118,สว่านไร้สาย
1729898250472164096,สว่านไร้สาย
1730214619594590834,สว่านไร้สาย
1729965304882432478,สว่านไร้สาย
1729734080264047053,สว่านไร้สาย
1729831884319722437,สว่านไร้สาย
1729804931852962443,สว่านไร้สาย
1729991922128030287,สว่านไร้สาย
1730103225797348317,สว่านไร้สาย
1729917743840725662,สว่านไร้สาย
1729751049451440517,สว่านไร้สาย
1729904030997515084,สว่านไร้สาย
1729634194432755927,สว่านไร้สาย
1729958590873569906,สว่านไร้สาย
1729922988096916288,สว่านไร้สาย
1729814103886563657,สว่านไร้สาย
1729996988766456399,สว่านไร้สาย
1729926940900035163,สว่านไร้สาย
1729967408771926686,สว่านไร้สาย
1730376588636686463,สว่านไร้สาย
1730351361813678729,สว่านไร้สาย
1729652110978681625,สว่านไร้สาย
1729966833231235313,สว่านไร้สาย
1729967654464096906,สว่านไร้สาย
1729960702715202168,สว่านไร้สาย
1730368067924757460,สว่านไร้สาย
1730033996831951813,สว่านไร้สาย
1730424294998117287,สว่านไร้สาย
1729930296270227691,สว่านไร้สาย
1729930183477725419,สว่านไร้สาย
1730497005492734602,สว่านไร้สาย
1729794345322121497,สว่านไร้สาย
1730396728548165785,สว่านไร้สาย
1729556351320164567,สว่านไร้สาย
1729444886966536425,สว่านไร้สาย
1730258610087889687,สว่านไร้สาย
1730479442568054999,สว่านไร้สาย
1729993753383897325,สว่านไร้สาย
1730073149725116625,สว่านไร้สาย
1729643342180420241,สว่านไร้สาย
1729927101639789147,สว่านไร้สาย
1730555103451973704,สว่านไร้สาย
1729444900799154409,สว่านไร้สาย
1729663231437605115,สว่านไร้สาย
1730434799840889123,สว่านไร้สาย
1730522263181822012,สว่านไร้สาย
1729977179109558898,สว่านไร้สาย
1731517704856636357,สว่านไร้สาย
1731740214123334031,สว่านไร้สาย
1729573484493310686,สว่านไร้สาย
1730880185350916669,สว่านไร้สาย
1729726590728768073,สว่านไร้สาย
1731497257234041435,สว่านไร้สาย
1731698483034229339,สว่านไร้สาย
1730859459279096286,สว่านไร้สาย
1730818562011400596,สว่านไร้สาย
1730180597767178872,สว่านไร้สาย
1731334223432419901,สว่านไร้สาย
1731062795244177728,สว่านไร้สาย
1731030477165988362,สว่านไร้สาย
1731767585569540364,สว่านไร้สาย
1730111571478612286,สว่านไร้สาย
1730075669142539158,สว่านไร้สาย
1731353980890942103,สว่านไร้สาย
1731374709635058444,สว่านไร้สาย
1731469561205656125,สว่านไร้สาย
1731254437199317374,สว่านไร้สาย
1729663895039937500,สว่านไร้สาย
1730193688192583818,สว่านไร้สาย
1729801940354435687,สว่านไร้สาย
1731354138589300338,สว่านไร้สาย
1731453424644687828,สว่านไร้สาย
1731441760139183936,สว่านไร้สาย
1731450236528329822,สว่านไร้สาย
1731450938068731723,สว่านไร้สาย
1730591377916922740,สว่านไร้สาย
1731837081892783677,สว่านไร้สาย
1731633563796145184,สว่านไร้สาย
1731858300622571122,สว่านไร้สาย
1732121549638764146,สว่านไร้สาย
1732013116882913190,สว่านไร้สาย
1731573299959334822,สว่านไร้สาย
1733548214986704806,สว่านไร้สาย
1731482423759177638,สว่านไร้สาย
1732216460250875483,สว่านไร้สาย
1733278265527993550,สว่านไร้สาย
29712917451,สว่าน16V
43227623197,สว่าน16V
28414704110,สว่าน16V
29814260587,สว่าน16V
27966485431,สว่าน16V
26324621833,สว่าน16V
25039406302,สว่าน16V
29970807247,สว่าน16V
42923119398,สว่าน16V
44009606976,สว่าน16V
23497024604,สว่าน16V
56702784989,สว่าน16V
43000168581,สว่าน16V
26226648007,สว่าน16V
27225276868,สว่าน16V
29112894782,สว่าน16V
25239854298,สว่าน16V
29368603472,สว่าน16V
27074001299,สว่าน16V
28984877557,สว่าน16V
44359981044,สว่าน16V
42308833499,สว่าน16V
26435366167,สว่าน16V
57602623877,สว่าน16V
7743391076,สว่าน16V
42273389732,สว่าน16V
42701895009,สว่าน16V
26762923041,สว่าน16V
28475364956,สว่าน16V
25136958191,สว่าน16V
7736994801,สว่าน16V
28064169001,สว่าน16V
40717887717,สว่าน16V
42755845134,สว่าน16V
24939826693,สว่าน16V
26968022425,สว่าน16V
28168879602,สว่าน16V
27061386969,สว่าน16V
57351512154,สว่าน16V
24024967595,สว่าน16V
28507037374,สว่าน16V
27204326429,สว่าน16V
26065889992,สว่าน16V
24894877266,สว่าน16V
52103817904,สว่าน16V
42950705951,สว่าน16V
28668377756,สว่าน16V
55800025813,สว่าน16V
44403110346,สว่าน16V
44313940622,สว่าน16V
43020498916,สว่าน16V
11365715952,สว่าน16V
43522017926,สว่านเซ็ต acc
41003384314,สว่านเซ็ต acc
19112755691,สว่านเซ็ต acc
3644106147,สว่านเซ็ต acc
26504709616,สว่านเซ็ต acc
5658920912,สว่านเซ็ต acc
28027995711,สว่านเซ็ต acc
22218621835,สว่านเซ็ต acc
2830547618,สว่านเซ็ต acc
5315184679,บล็อกไฟฟ้าไร้สาย
5630667060,บล็อกไฟฟ้าไร้สาย
5663291828,บล็อกไฟฟ้าไร้สาย
5515825848,บล็อกไฟฟ้าไร้สาย
5163163898,บล็อกไฟฟ้าไร้สาย
5708106133,บล็อกไฟฟ้าไร้สาย
5305762888,บล็อกไฟฟ้าไร้สาย
4819263911,บล็อกไฟฟ้าไร้สาย
996510487,บล็อกไฟฟ้าไร้สาย
4356078466,บล็อกไฟฟ้าไร้สาย
2659454333,บล็อกไฟฟ้าไร้สาย
5594728973,บล็อกไฟฟ้าไร้สาย
5605543146,บล็อกไฟฟ้าไร้สาย
5701878065,บล็อกไฟฟ้าไร้สาย
5630253610,บล็อกไฟฟ้าไร้สาย
4474658165,บล็อกไฟฟ้าไร้สาย
5727234330,บล็อกไฟฟ้าไร้สาย
5352605526,บล็อกไฟฟ้าไร้สาย
5692981535,บล็อกไฟฟ้าไร้สาย
5426272613,บล็อกไฟฟ้าไร้สาย
5711817568,บล็อกไฟฟ้าไร้สาย
5757709808,บล็อกไฟฟ้าไร้สาย
5713526604,บล็อกไฟฟ้าไร้สาย
5497953218,บล็อกไฟฟ้าไร้สาย
5191315044,บล็อกไฟฟ้าไร้สาย
5710548613,บล็อกไฟฟ้าไร้สาย
5528059418,บล็อกไฟฟ้าไร้สาย
4362942230,บล็อกไฟฟ้าไร้สาย
4697865438,บล็อกไฟฟ้าไร้สาย
5219558441,บล็อกไฟฟ้าไร้สาย
5595342831,บล็อกไฟฟ้าไร้สาย
5719468999,บล็อกไฟฟ้าไร้สาย
5711906773,บล็อกไฟฟ้าไร้สาย
5225184890,บล็อกไฟฟ้าไร้สาย
5234861154,บล็อกไฟฟ้าไร้สาย
5161150404,บล็อกไฟฟ้าไร้สาย
5684451087,บล็อกไฟฟ้าไร้สาย
5711063586,บล็อกไฟฟ้าไร้สาย
5467229045,บล็อกไฟฟ้าไร้สาย
5630714081,บล็อกไฟฟ้าไร้สาย
5637081617,บล็อกไฟฟ้าไร้สาย
5772300269,บล็อกไฟฟ้าไร้สาย
4904808030,บล็อกไฟฟ้าไร้สาย
5411147741,บล็อกไฟฟ้าไร้สาย
5509676990,บล็อกไฟฟ้าไร้สาย
5595238518,บล็อกไฟฟ้าไร้สาย
5654510582,บล็อกไฟฟ้าไร้สาย
5283135249,บล็อกไฟฟ้าไร้สาย
5775690890,บล็อกไฟฟ้าไร้สาย
5121184020,บล็อกไฟฟ้าไร้สาย
5585620260,บล็อกไฟฟ้าไร้สาย
5877448283,บล็อกไฟฟ้าไร้สาย
5845696998,บล็อกไฟฟ้าไร้สาย
5121049203,บล็อกไฟฟ้าไร้สาย
5835641076,บล็อกไฟฟ้าไร้สาย
5832118001,บล็อกไฟฟ้าไร้สาย
5595588069,บล็อกไฟฟ้าไร้สาย
5629097025,บล็อกไฟฟ้าไร้สาย
5736991280,บล็อกไฟฟ้าไร้สาย
4497788865,บล็อกไฟฟ้าไร้สาย
5028977032,บล็อกไฟฟ้าไร้สาย
5820202700,บล็อกไฟฟ้าไร้สาย
5874648403,บล็อกไฟฟ้าไร้สาย
5904561655,บล็อกไฟฟ้าไร้สาย
5693924002,บล็อกไฟฟ้าไร้สาย
5862938494,บล็อกไฟฟ้าไร้สาย
5796561276,บล็อกไฟฟ้าไร้สาย
22840323178,บล็อกไฟฟ้าไร้สาย
3481198517,บล็อกไฟฟ้าไร้สาย
15790365326,บล็อกไฟฟ้าไร้สาย
22902419163,บล็อกไฟฟ้าไร้สาย
6796730294,บล็อกไฟฟ้าไร้สาย
13638512314,บล็อกไฟฟ้าไร้สาย
20389473463,บล็อกไฟฟ้าไร้สาย
23916720186,บล็อกไฟฟ้าไร้สาย
23702771230,บล็อกไฟฟ้าไร้สาย
11698944121,บล็อกไฟฟ้าไร้สาย
17121998593,บล็อกไฟฟ้าไร้สาย
18191947397,บล็อกไฟฟ้าไร้สาย
12177427961,บล็อกไฟฟ้าไร้สาย
10705292558,บล็อกไฟฟ้าไร้สาย
23553880279,บล็อกไฟฟ้าไร้สาย
17072662829,บล็อกไฟฟ้าไร้สาย
21145486711,บล็อกไฟฟ้าไร้สาย
9342604739,บล็อกไฟฟ้าไร้สาย
20967365878,บล็อกไฟฟ้าไร้สาย
21391381757,บล็อกไฟฟ้าไร้สาย
20934997037,บล็อกไฟฟ้าไร้สาย
17792922323,บล็อกไฟฟ้าไร้สาย
6839868831,บล็อกไฟฟ้าไร้สาย
23445578067,บล็อกไฟฟ้าไร้สาย
23324325277,บล็อกไฟฟ้าไร้สาย
22909392019,บล็อกไฟฟ้าไร้สาย
21978894179,บล็อกไฟฟ้าไร้สาย
10337319518,บล็อกไฟฟ้าไร้สาย
23376812173,บล็อกไฟฟ้าไร้สาย
21179808137,บล็อกไฟฟ้าไร้สาย
20971270072,บล็อกไฟฟ้าไร้สาย
19293238633,บล็อกไฟฟ้าไร้สาย
16904683161,บล็อกไฟฟ้าไร้สาย
22930558706,บล็อกไฟฟ้าไร้สาย
20679153664,บล็อกไฟฟ้าไร้สาย
13795396089,บล็อกไฟฟ้าไร้สาย
21770179531,บล็อกไฟฟ้าไร้สาย
21079255372,บล็อกไฟฟ้าไร้สาย
20072743201,บล็อกไฟฟ้าไร้สาย
18478380521,บล็อกไฟฟ้าไร้สาย
18367366328,บล็อกไฟฟ้าไร้สาย
9654321684,บล็อกไฟฟ้าไร้สาย
9013986573,บล็อกไฟฟ้าไร้สาย
20182250245,บล็อกไฟฟ้าไร้สาย
6685428359,บล็อกไฟฟ้าไร้สาย
22051409742,บล็อกไฟฟ้าไร้สาย
16844810281,บล็อกไฟฟ้าไร้สาย
14393253607,บล็อกไฟฟ้าไร้สาย
10625033422,บล็อกไฟฟ้าไร้สาย
4319719797,บล็อกไฟฟ้าไร้สาย
9605665802,บล็อกไฟฟ้าไร้สาย
23784012535,บล็อกไฟฟ้าไร้สาย
21585773208,บล็อกไฟฟ้าไร้สาย
23544532429,บล็อกไฟฟ้าไร้สาย
22886127994,บล็อกไฟฟ้าไร้สาย
24750660700,บล็อกไฟฟ้าไร้สาย
3776450763,บล็อกไฟฟ้าไร้สาย
14270494649,บล็อกไฟฟ้าไร้สาย
14698483953,บล็อกไฟฟ้าไร้สาย
14679893976,บล็อกไฟฟ้าไร้สาย
15697928242,บล็อกไฟฟ้าไร้สาย
18827368732,บล็อกไฟฟ้าไร้สาย
8948895271,บล็อกไฟฟ้าไร้สาย
24303482202,บล็อกไฟฟ้าไร้สาย
24805445167,บล็อกไฟฟ้าไร้สาย
23174744991,บล็อกไฟฟ้าไร้สาย
19576286572,บล็อกไฟฟ้าไร้สาย
23487714980,บล็อกไฟฟ้าไร้สาย
24054509250,บล็อกไฟฟ้าไร้สาย
21256020244,บล็อกไฟฟ้าไร้สาย
20995111432,บล็อกไฟฟ้าไร้สาย
22049262547,บล็อกไฟฟ้าไร้สาย
25953471122,บล็อกไฟฟ้าไร้สาย
25550544034,บล็อกไฟฟ้าไร้สาย
25104651817,บล็อกไฟฟ้าไร้สาย
23462149612,บล็อกไฟฟ้าไร้สาย
24906767910,บล็อกไฟฟ้าไร้สาย
25306343446,บล็อกไฟฟ้าไร้สาย
13677409389,บล็อกไฟฟ้าไร้สาย
24456140967,บล็อกไฟฟ้าไร้สาย
23651213989,บล็อกไฟฟ้าไร้สาย
21488691610,บล็อกไฟฟ้าไร้สาย
25211561362,บล็อกไฟฟ้าไร้สาย
22976828165,บล็อกไฟฟ้าไร้สาย
25060553894,บล็อกไฟฟ้าไร้สาย
5870561283,บล็อกไฟฟ้าไร้สาย
21080097697,บล็อกไฟฟ้าไร้สาย
23442234033,บล็อกไฟฟ้าไร้สาย
19645903458,บล็อกไฟฟ้าไร้สาย
13371826123,บล็อกไฟฟ้าไร้สาย
23561228536,บล็อกไฟฟ้าไร้สาย
24822149132,บล็อกไฟฟ้าไร้สาย
22675716915,บล็อกไฟฟ้าไร้สาย
17429198968,บล็อกไฟฟ้าไร้สาย
24115428353,บล็อกไฟฟ้าไร้สาย
25404822874,บล็อกไฟฟ้าไร้สาย
25770317051,บล็อกไฟฟ้าไร้สาย
22167804394,บล็อกไฟฟ้าไร้สาย
14498781733,บล็อกไฟฟ้าไร้สาย
24472109351,บล็อกไฟฟ้าไร้สาย
7191139522,บล็อกไฟฟ้าไร้สาย
24812510356,บล็อกไฟฟ้าไร้สาย
20577371618,บล็อกไฟฟ้าไร้สาย
25922243566,บล็อกไฟฟ้าไร้สาย
22083739280,บล็อกไฟฟ้าไร้สาย
16563504775,บล็อกไฟฟ้าไร้สาย
14348723598,บล็อกไฟฟ้าไร้สาย
20494403845,บล็อกไฟฟ้าไร้สาย
18585478411,บล็อกไฟฟ้าไร้สาย
17192907978,บล็อกไฟฟ้าไร้สาย
8612093178,บล็อกไฟฟ้าไร้สาย
5217601126,บล็อกไฟฟ้าไร้สาย
24721959295,บล็อกไฟฟ้าไร้สาย
24721562492,บล็อกไฟฟ้าไร้สาย
22070488702,บล็อกไฟฟ้าไร้สาย
19786736314,บล็อกไฟฟ้าไร้สาย
17597902647,บล็อกไฟฟ้าไร้สาย
25869374964,บล็อกไฟฟ้าไร้สาย
25322287432,บล็อกไฟฟ้าไร้สาย
24522246970,บล็อกไฟฟ้าไร้สาย
23571480030,บล็อกไฟฟ้าไร้สาย
22082769921,บล็อกไฟฟ้าไร้สาย
20234125443,บล็อกไฟฟ้าไร้สาย
19911172008,บล็อกไฟฟ้าไร้สาย
25511393283,บล็อกไฟฟ้าไร้สาย
23467942707,บล็อกไฟฟ้าไร้สาย
23085108989,บล็อกไฟฟ้าไร้สาย
17622886265,บล็อกไฟฟ้าไร้สาย
3819815391,บล็อกไฟฟ้าไร้สาย
25757376800,บล็อกไฟฟ้าไร้สาย
22985233566,บล็อกไฟฟ้าไร้สาย
25422134136,บล็อกไฟฟ้าไร้สาย
25071530252,บล็อกไฟฟ้าไร้สาย
24922422775,บล็อกไฟฟ้าไร้สาย
24816784228,บล็อกไฟฟ้าไร้สาย
23767824537,บล็อกไฟฟ้าไร้สาย
23733614086,บล็อกไฟฟ้าไร้สาย
25674155417,บล็อกไฟฟ้าไร้สาย
18686180292,บล็อกไฟฟ้าไร้สาย
24062633875,บล็อกไฟฟ้าไร้สาย
24524207571,บล็อกไฟฟ้าไร้สาย
22057396102,บล็อกไฟฟ้าไร้สาย
24569626910,บล็อกไฟฟ้าไร้สาย
25524155648,บล็อกไฟฟ้าไร้สาย
19486800183,บล็อกไฟฟ้าไร้สาย
25955473321,บล็อกไฟฟ้าไร้สาย
25114753906,บล็อกไฟฟ้าไร้สาย
24719922038,บล็อกไฟฟ้าไร้สาย
25412364351,บล็อกไฟฟ้าไร้สาย
25164776562,บล็อกไฟฟ้าไร้สาย
25615030681,บล็อกไฟฟ้าไร้สาย
25071349920,บล็อกไฟฟ้าไร้สาย
25322248657,บล็อกไฟฟ้าไร้สาย
24122239440,บล็อกไฟฟ้าไร้สาย
24213780226,บล็อกไฟฟ้าไร้สาย
24073847534,บล็อกไฟฟ้าไร้สาย
12699041136,บล็อกไฟฟ้าไร้สาย
17802598432,บล็อกไฟฟ้าไร้สาย
24021558600,บล็อกไฟฟ้าไร้สาย
21488681979,บล็อกไฟฟ้าไร้สาย
19796468880,บล็อกไฟฟ้าไร้สาย
9646636602,บล็อกไฟฟ้าไร้สาย
25924672544,บล็อกไฟฟ้าไร้สาย
23587846507,บล็อกไฟฟ้าไร้สาย
25726839405,บล็อกไฟฟ้าไร้สาย
25712048099,บล็อกไฟฟ้าไร้สาย
24931560924,บล็อกไฟฟ้าไร้สาย
22812922810,บล็อกไฟฟ้าไร้สาย
24821368368,บล็อกไฟฟ้าไร้สาย
27350107328,บล็อกไฟฟ้าไร้สาย
27900960199,บล็อกไฟฟ้าไร้สาย
24330183994,บล็อกไฟฟ้าไร้สาย
25480838478,บล็อกไฟฟ้าไร้สาย
15798885503,บล็อกไฟฟ้าไร้สาย
25963806268,บล็อกไฟฟ้าไร้สาย
28753055648,บล็อกไฟฟ้าไร้สาย
25863999080,บล็อกไฟฟ้าไร้สาย
25576494883,บล็อกไฟฟ้าไร้สาย
25302384568,บล็อกไฟฟ้าไร้สาย
28651955980,บล็อกไฟฟ้าไร้สาย
24819600988,บล็อกไฟฟ้าไร้สาย
28501534978,บล็อกไฟฟ้าไร้สาย
22244375732,บล็อกไฟฟ้าไร้สาย
24123356554,บล็อกไฟฟ้าไร้สาย
28651266453,บล็อกไฟฟ้าไร้สาย
17000060982,บล็อกไฟฟ้าไร้สาย
18384328364,บล็อกไฟฟ้าไร้สาย
24073361025,บล็อกไฟฟ้าไร้สาย
25384750838,บล็อกไฟฟ้าไร้สาย
27557247132,บล็อกไฟฟ้าไร้สาย
27707244967,บล็อกไฟฟ้าไร้สาย
27109267608,บล็อกไฟฟ้าไร้สาย
29252184076,บล็อกไฟฟ้าไร้สาย
13624377271,บล็อกไฟฟ้าไร้สาย
6488017910,บล็อกไฟฟ้าไร้สาย
28320989890,บล็อกไฟฟ้าไร้สาย
27520989477,บล็อกไฟฟ้าไร้สาย
26667773959,บล็อกไฟฟ้าไร้สาย
28868036763,บล็อกไฟฟ้าไร้สาย
26120661024,บล็อกไฟฟ้าไร้สาย
27863318595,บล็อกไฟฟ้าไร้สาย
25588006342,บล็อกไฟฟ้าไร้สาย
26966471758,บล็อกไฟฟ้าไร้สาย
25719996810,บล็อกไฟฟ้าไร้สาย
27519252216,บล็อกไฟฟ้าไร้สาย
27862332100,บล็อกไฟฟ้าไร้สาย
6578754419,บล็อกไฟฟ้าไร้สาย
25765733586,บล็อกไฟฟ้าไร้สาย
26616836151,บล็อกไฟฟ้าไร้สาย
28567931253,บล็อกไฟฟ้าไร้สาย
25406479189,บล็อกไฟฟ้าไร้สาย
27919467867,บล็อกไฟฟ้าไร้สาย
22239682381,บล็อกไฟฟ้าไร้สาย
27767081529,บล็อกไฟฟ้าไร้สาย
27662000884,บล็อกไฟฟ้าไร้สาย
26816487750,บล็อกไฟฟ้าไร้สาย
26604175612,บล็อกไฟฟ้าไร้สาย
27767357706,บล็อกไฟฟ้าไร้สาย
28116617421,บล็อกไฟฟ้าไร้สาย
26366613488,บล็อกไฟฟ้าไร้สาย
28216617586,บล็อกไฟฟ้าไร้สาย
29652506620,บล็อกไฟฟ้าไร้สาย
29406868118,บล็อกไฟฟ้าไร้สาย
25331256142,บล็อกไฟฟ้าไร้สาย
25688811527,บล็อกไฟฟ้าไร้สาย
26767958214,บล็อกไฟฟ้าไร้สาย
24941030099,บล็อกไฟฟ้าไร้สาย
28325064259,บล็อกไฟฟ้าไร้สาย
29122592446,บล็อกไฟฟ้าไร้สาย
24231390013,บล็อกไฟฟ้าไร้สาย
27400088861,บล็อกไฟฟ้าไร้สาย
28065883518,บล็อกไฟฟ้าไร้สาย
19586728769,บล็อกไฟฟ้าไร้สาย
26222927456,บล็อกไฟฟ้าไร้สาย
24986475940,บล็อกไฟฟ้าไร้สาย
28766485964,บล็อกไฟฟ้าไร้สาย
27324896568,บล็อกไฟฟ้าไร้สาย
26204604480,บล็อกไฟฟ้าไร้สาย
15516406519,บล็อกไฟฟ้าไร้สาย
28967783135,บล็อกไฟฟ้าไร้สาย
28171990396,บล็อกไฟฟ้าไร้สาย
24188533308,บล็อกไฟฟ้าไร้สาย
26718014520,บล็อกไฟฟ้าไร้สาย
26551812179,บล็อกไฟฟ้าไร้สาย
24730839610,บล็อกไฟฟ้าไร้สาย
24993322747,บล็อกไฟฟ้าไร้สาย
25938449174,บล็อกไฟฟ้าไร้สาย
25540927674,บล็อกไฟฟ้าไร้สาย
25038618986,บล็อกไฟฟ้าไร้สาย
28813315705,บล็อกไฟฟ้าไร้สาย
25233998584,บล็อกไฟฟ้าไร้สาย
29721385028,บล็อกไฟฟ้าไร้สาย
21913834066,บล็อกไฟฟ้าไร้สาย
26402844076,บล็อกไฟฟ้าไร้สาย
27012687834,บล็อกไฟฟ้าไร้สาย
27362430459,บล็อกไฟฟ้าไร้สาย
25168767453,บล็อกไฟฟ้าไร้สาย
25484415976,บล็อกไฟฟ้าไร้สาย
11623407945,บล็อกไฟฟ้าไร้สาย
28072752617,บล็อกไฟฟ้าไร้สาย
26567779058,บล็อกไฟฟ้าไร้สาย
26508883715,บล็อกไฟฟ้าไร้สาย
24138494329,บล็อกไฟฟ้าไร้สาย
29310084536,บล็อกไฟฟ้าไร้สาย
20490149754,บล็อกไฟฟ้าไร้สาย
21290075936,บล็อกไฟฟ้าไร้สาย
21945586166,บล็อกไฟฟ้าไร้สาย
17700834682,บล็อกไฟฟ้าไร้สาย
26532712803,บล็อกไฟฟ้าไร้สาย
24179960034,บล็อกไฟฟ้าไร้สาย
26221716763,บล็อกไฟฟ้าไร้สาย
24679948885,บล็อกไฟฟ้าไร้สาย
28513568148,บล็อกไฟฟ้าไร้สาย
25543380450,บล็อกไฟฟ้าไร้สาย
24918707423,บล็อกไฟฟ้าไร้สาย
27360984949,บล็อกไฟฟ้าไร้สาย
28375404925,บล็อกไฟฟ้าไร้สาย
26026314296,บล็อกไฟฟ้าไร้สาย
23585815041,บล็อกไฟฟ้าไร้สาย
23135423111,บล็อกไฟฟ้าไร้สาย
21688551397,บล็อกไฟฟ้าไร้สาย
25541026201,บล็อกไฟฟ้าไร้สาย
26853959294,บล็อกไฟฟ้าไร้สาย
28434766104,บล็อกไฟฟ้าไร้สาย
29434901937,บล็อกไฟฟ้าไร้สาย
29072936932,บล็อกไฟฟ้าไร้สาย
42202275269,บล็อกไฟฟ้าไร้สาย
24715943314,บล็อกไฟฟ้าไร้สาย
27730504355,บล็อกไฟฟ้าไร้สาย
28634431187,บล็อกไฟฟ้าไร้สาย
26681465391,บล็อกไฟฟ้าไร้สาย
28000803263,บล็อกไฟฟ้าไร้สาย
21476917181,บล็อกไฟฟ้าไร้สาย
27077826683,บล็อกไฟฟ้าไร้สาย
27084729096,บล็อกไฟฟ้าไร้สาย
25991019852,บล็อกไฟฟ้าไร้สาย
29171303435,บล็อกไฟฟ้าไร้สาย
27671628305,บล็อกไฟฟ้าไร้สาย
27034763023,บล็อกไฟฟ้าไร้สาย
41506025737,บล็อกไฟฟ้าไร้สาย
44405500554,บล็อกไฟฟ้าไร้สาย
43205262323,บล็อกไฟฟ้าไร้สาย
40253520884,บล็อกไฟฟ้าไร้สาย
44252283027,บล็อกไฟฟ้าไร้สาย
29179310442,บล็อกไฟฟ้าไร้สาย
27029641821,บล็อกไฟฟ้าไร้สาย
27531355543,บล็อกไฟฟ้าไร้สาย
28078633935,บล็อกไฟฟ้าไร้สาย
28326549541,บล็อกไฟฟ้าไร้สาย
29524137559,บล็อกไฟฟ้าไร้สาย
29468853762,บล็อกไฟฟ้าไร้สาย
28768364032,บล็อกไฟฟ้าไร้สาย
25183846916,บล็อกไฟฟ้าไร้สาย
29079310488,บล็อกไฟฟ้าไร้สาย
29283652775,บล็อกไฟฟ้าไร้สาย
28917347022,บล็อกไฟฟ้าไร้สาย
28862347299,บล็อกไฟฟ้าไร้สาย
29232189787,บล็อกไฟฟ้าไร้สาย
40258712928,บล็อกไฟฟ้าไร้สาย
29137800075,บล็อกไฟฟ้าไร้สาย
26684189054,บล็อกไฟฟ้าไร้สาย
26539159348,บล็อกไฟฟ้าไร้สาย
44211483976,บล็อกไฟฟ้าไร้สาย
43060618479,บล็อกไฟฟ้าไร้สาย
40109500764,บล็อกไฟฟ้าไร้สาย
28436110083,บล็อกไฟฟ้าไร้สาย
41968511301,บล็อกไฟฟ้าไร้สาย
41415442372,บล็อกไฟฟ้าไร้สาย
29090567286,บล็อกไฟฟ้าไร้สาย
40064496655,บล็อกไฟฟ้าไร้สาย
40458149743,บล็อกไฟฟ้าไร้สาย
28586848147,บล็อกไฟฟ้าไร้สาย
43624300306,บล็อกไฟฟ้าไร้สาย
40471282372,บล็อกไฟฟ้าไร้สาย
40722977725,บล็อกไฟฟ้าไร้สาย
44120531773,บล็อกไฟฟ้าไร้สาย
27140299043,บล็อกไฟฟ้าไร้สาย
26240271509,บล็อกไฟฟ้าไร้สาย
44214283778,บล็อกไฟฟ้าไร้สาย
42619927714,บล็อกไฟฟ้าไร้สาย
41219998806,บล็อกไฟฟ้าไร้สาย
43026621384,บล็อกไฟฟ้าไร้สาย
40326473419,บล็อกไฟฟ้าไร้สาย
56901162352,บล็อกไฟฟ้าไร้สาย
50800057426,บล็อกไฟฟ้าไร้สาย
43623495665,บล็อกไฟฟ้าไร้สาย
57702643960,บล็อกไฟฟ้าไร้สาย
49450034010,บล็อกไฟฟ้าไร้สาย
25362014352,บล็อกไฟฟ้าไร้สาย
21084020905,บล็อกไฟฟ้าไร้สาย
1729545008787917129,บล็อกไฟฟ้าไร้สาย
1729588717466061644,บล็อกไฟฟ้าไร้สาย
1729618191418035020,บล็อกไฟฟ้าไร้สาย
1729654074810730576,บล็อกไฟฟ้าไร้สาย
1729636258774158199,บล็อกไฟฟ้าไร้สาย
1729583495752879045,บล็อกไฟฟ้าไร้สาย
1729627056114207685,บล็อกไฟฟ้าไร้สาย
1729444900039395561,บล็อกไฟฟ้าไร้สาย
1730009586083990482,บล็อกไฟฟ้าไร้สาย
1729444900384442601,บล็อกไฟฟ้าไร้สาย
1729587463991691890,บล็อกไฟฟ้าไร้สาย
1729656987045365780,บล็อกไฟฟ้าไร้สาย
1729569265961568343,บล็อกไฟฟ้าไร้สาย
1729455148660263503,บล็อกไฟฟ้าไร้สาย
1729654084907534416,บล็อกไฟฟ้าไร้สาย
1729626373498506059,บล็อกไฟฟ้าไร้สาย
1729649689284807313,บล็อกไฟฟ้าไร้สาย
1730092757158824732,บล็อกไฟฟ้าไร้สาย
1729641397959756402,บล็อกไฟฟ้าไร้สาย
1729634080462048119,บล็อกไฟฟ้าไร้สาย
1729491394828339870,บล็อกไฟฟ้าไร้สาย
1729641405515532914,บล็อกไฟฟ้าไร้สาย
1729641295042087556,บล็อกไฟฟ้าไร้สาย
1729579431659473522,บล็อกไฟฟ้าไร้สาย
1729728969673116318,บล็อกไฟฟ้าไร้สาย
1729642992612182673,บล็อกไฟฟ้าไร้สาย
1729652969438546381,บล็อกไฟฟ้าไร้สาย
1729633380209494405,บล็อกไฟฟ้าไร้สาย
1729976866715699827,บล็อกไฟฟ้าไร้สาย
1729546992432744729,บล็อกไฟฟ้าไร้สาย
1730044874889398922,บล็อกไฟฟ้าไร้สาย
1730012777229879887,บล็อกไฟฟ้าไร้สาย
1729615452459731595,บล็อกไฟฟ้าไร้สาย
1730138852572236619,บล็อกไฟฟ้าไร้สาย
1730120168432568970,บล็อกไฟฟ้าไร้สาย
1729540751754561985,บล็อกไฟฟ้าไร้สาย
1729642462031415505,บล็อกไฟฟ้าไร้สาย
1730120264877640645,บล็อกไฟฟ้าไร้สาย
1730197989071162346,บล็อกไฟฟ้าไร้สาย
1730311907143486031,บล็อกไฟฟ้าไร้สาย
1730247221456570959,บล็อกไฟฟ้าไร้สาย
1729632636475508853,บล็อกไฟฟ้าไร้สาย
1729444900018948329,บล็อกไฟฟ้าไร้สาย
1729577294275250263,บล็อกไฟฟ้าไร้สาย
1730119646851467855,บล็อกไฟฟ้าไร้สาย
1729635662886898496,บล็อกไฟฟ้าไร้สาย
1729620436141902153,บล็อกไฟฟ้าไร้สาย
1729637745794780101,บล็อกไฟฟ้าไร้สาย
1730119127366535759,บล็อกไฟฟ้าไร้สาย
1729642579459541201,บล็อกไฟฟ้าไร้สาย
1729641794914388521,บล็อกไฟฟ้าไร้สาย
1729544015997733458,บล็อกไฟฟ้าไร้สาย
1729578512201255515,บล็อกไฟฟ้าไร้สาย
1730139714447510336,บล็อกไฟฟ้าไร้สาย
1729649719621684032,บล็อกไฟฟ้าไร้สาย
1730389763800075220,บล็อกไฟฟ้าไร้สาย
1730652581730487104,บล็อกไฟฟ้าไร้สาย
1730120239701789637,บล็อกไฟฟ้าไร้สาย
1730155102982539867,บล็อกไฟฟ้าไร้สาย
1730136437317733196,บล็อกไฟฟ้าไร้สาย
1730198052125051882,บล็อกไฟฟ้าไร้สาย
1729671990368439250,บล็อกไฟฟ้าไร้สาย
1730363906970126985,บล็อกไฟฟ้าไร้สาย
1729824308363561121,บล็อกไฟฟ้าไร้สาย
1730406675205818594,บล็อกไฟฟ้าไร้สาย
1731754058530916646,บล็อกไฟฟ้าไร้สาย
1731652462982957648,บล็อกไฟฟ้าไร้สาย
1731321396587956616,บล็อกไฟฟ้าไร้สาย
1730509379569748437,บล็อกไฟฟ้าไร้สาย
1731165500041562266,บล็อกไฟฟ้าไร้สาย
1730885960779205401,บล็อกไฟฟ้าไร้สาย
1729569809728375017,บล็อกไฟฟ้าไร้สาย
1731184936654244633,บล็อกไฟฟ้าไร้สาย
1730885960563788009,บล็อกไฟฟ้าไร้สาย
1730226424657906080,บล็อกไฟฟ้าไร้สาย
1731496849137633883,บล็อกไฟฟ้าไร้สาย
1730076393112570174,บล็อกไฟฟ้าไร้สาย
1729886819439577691,บล็อกไฟฟ้าไร้สาย
1730926974492117905,บล็อกไฟฟ้าไร้สาย
1730131703251176337,บล็อกไฟฟ้าไร้สาย
1731209286850153090,บล็อกไฟฟ้าไร้สาย
1731404020416743437,บล็อกไฟฟ้าไร้สาย
1731487620865034884,บล็อกไฟฟ้าไร้สาย
1731353949660285591,บล็อกไฟฟ้าไร้สาย
1731312780499585307,บล็อกไฟฟ้าไร้สาย
1730435469143083650,บล็อกไฟฟ้าไร้สาย
1730378041977899988,บล็อกไฟฟ้าไร้สาย
1730457354531081172,บล็อกไฟฟ้าไร้สาย
1730653576024067028,บล็อกไฟฟ้าไร้สาย
1729763432542275887,บล็อกไฟฟ้าไร้สาย
1730075784902903946,บล็อกไฟฟ้าไร้สาย
1730397072391243796,บล็อกไฟฟ้าไร้สาย
1730871433101740325,บล็อกไฟฟ้าไร้สาย
1730688498574264889,บล็อกไฟฟ้าไร้สาย
1730856439680502467,บล็อกไฟฟ้าไร้สาย
1730724514207992085,บล็อกไฟฟ้าไร้สาย
1731040398461929969,บล็อกไฟฟ้าไร้สาย
1731744565057325812,บล็อกไฟฟ้าไร้สาย
1729644694666054021,บล็อกไฟฟ้าไร้สาย
1729649858296056364,บล็อกไฟฟ้าไร้สาย
1730000584397391959,บล็อกไฟฟ้าไร้สาย
1730586051103329236,บล็อกไฟฟ้าไร้สาย
1730851441396320734,บล็อกไฟฟ้าไร้สาย
1729965340721056222,บล็อกไฟฟ้าไร้สาย
1731787187977554523,บล็อกไฟฟ้าไร้สาย
1730737884686354526,บล็อกไฟฟ้าไร้สาย
1730737650544445534,บล็อกไฟฟ้าไร้สาย
1730127479494249074,บล็อกไฟฟ้าไร้สาย
1731671912968391259,บล็อกไฟฟ้าไร้สาย
1731053231074412623,บล็อกไฟฟ้าไร้สาย
1730673594279627378,บล็อกไฟฟ้าไร้สาย
1731191466082666697,บล็อกไฟฟ้าไร้สาย
1729908654493304911,บล็อกไฟฟ้าไร้สาย
1729794251342121039,บล็อกไฟฟ้าไร้สาย
1730807324815035039,บล็อกไฟฟ้าไร้สาย
1731153132918507869,บล็อกไฟฟ้าไร้สาย
1730737654029060190,บล็อกไฟฟ้าไร้สาย
1731286171162806845,บล็อกไฟฟ้าไร้สาย
1731198187159062801,บล็อกไฟฟ้าไร้สาย
1730096341477001344,บล็อกไฟฟ้าไร้สาย
1730457696723765436,บล็อกไฟฟ้าไร้สาย
1730280150491433097,บล็อกไฟฟ้าไร้สาย
1731208258813397146,บล็อกไฟฟ้าไร้สาย
1730092830409067104,บล็อกไฟฟ้าไร้สาย
1729730822825675212,บล็อกไฟฟ้าไร้สาย
1730872489334311006,บล็อกไฟฟ้าไร้สาย
1730659412542851663,บล็อกไฟฟ้าไร้สาย
1730162341241785187,บล็อกไฟฟ้าไร้สาย
1730138476448549145,บล็อกไฟฟ้าไร้สาย
1731813803902798729,บล็อกไฟฟ้าไร้สาย
1729620171847076672,บล็อกไฟฟ้าไร้สาย
1729851348044843736,บล็อกไฟฟ้าไร้สาย
1731787790508591677,บล็อกไฟฟ้าไร้สาย
1730652372214450779,บล็อกไฟฟ้าไร้สาย
1730737614017235038,บล็อกไฟฟ้าไร้สาย
1732334210854259565,บล็อกไฟฟ้าไร้สาย
1731423709460793254,บล็อกไฟฟ้าไร้สาย
26310178741,ไขควงกระแทกไร้สาย
27908751519,ไขควงกระแทกไร้สาย
28307853729,ไขควงกระแทกไร้สาย
27107879608,ไขควงกระแทกไร้สาย
25535202961,ไขควงกระแทกไร้สาย
29758246359,ไขควงกระแทกไร้สาย
26567078851,ไขควงกระแทกไร้สาย
28366315879,ไขควงกระแทกไร้สาย
27317073283,ไขควงกระแทกไร้สาย
29066315597,ไขควงกระแทกไร้สาย
28923539407,ไขควงกระแทกไร้สาย
25836536535,ไขควงกระแทกไร้สาย
26008184021,ไขควงกระแทกไร้สาย
24789499390,ไขควงกระแทกไร้สาย
28267245571,ไขควงกระแทกไร้สาย
29717875216,ไขควงกระแทกไร้สาย
27862427270,ไขควงกระแทกไร้สาย
29514735979,ไขควงกระแทกไร้สาย
24784827387,ไขควงกระแทกไร้สาย
27373485923,ไขควงกระแทกไร้สาย
28723578810,ไขควงกระแทกไร้สาย
29121721022,ไขควงกระแทกไร้สาย
8897135613,ไขควงกระแทกไร้สาย
15549125395,ไขควงกระแทกไร้สาย
27212412063,ไขควงกระแทกไร้สาย
24437826096,ไขควงกระแทกไร้สาย
27801513870,ไขควงกระแทกไร้สาย
19487617399,ไขควงกระแทกไร้สาย
19493637446,ไขควงกระแทกไร้สาย
23145907631,ไขควงกระแทกไร้สาย
27116955235,ไขควงกระแทกไร้สาย
27063473751,ไขควงกระแทกไร้สาย
27025671842,ไขควงกระแทกไร้สาย
26623449333,ไขควงกระแทกไร้สาย
24476794114,ไขควงกระแทกไร้สาย
21932304306,ไขควงกระแทกไร้สาย
19149374078,ไขควงกระแทกไร้สาย
12648249331,ไขควงกระแทกไร้สาย
25461724092,ไขควงกระแทกไร้สาย
22481849439,ไขควงกระแทกไร้สาย
20147895302,ไขควงกระแทกไร้สาย
14710820925,ไขควงกระแทกไร้สาย
4856004745,ไขควงกระแทกไร้สาย
24381975214,ไขควงกระแทกไร้สาย
24140355407,ไขควงกระแทกไร้สาย
23781772809,ไขควงกระแทกไร้สาย
22756304471,ไขควงกระแทกไร้สาย
19638293832,ไขควงกระแทกไร้สาย
14680405835,ไขควงกระแทกไร้สาย
12590183576,ไขควงกระแทกไร้สาย
13548235130,ไขควงกระแทกไร้สาย
20672828567,ไขควงกระแทกไร้สาย
18738846155,ไขควงกระแทกไร้สาย
28273475173,ไขควงกระแทกไร้สาย
27873466279,ไขควงกระแทกไร้สาย
25737323458,ไขควงกระแทกไร้สาย
22083744727,ไขควงกระแทกไร้สาย
18185373307,ไขควงกระแทกไร้สาย
25258320647,ไขควงกระแทกไร้สาย
23163135119,ไขควงกระแทกไร้สาย
18719815660,ไขควงกระแทกไร้สาย
24681586103,ไขควงกระแทกไร้สาย
28969983732,ไขควงกระแทกไร้สาย
25334819865,ไขควงกระแทกไร้สาย
28673545929,ไขควงกระแทกไร้สาย
26473743629,ไขควงกระแทกไร้สาย
26524416869,ไขควงกระแทกไร้สาย
28824352264,ไขควงกระแทกไร้สาย
28157885754,ไขควงกระแทกไร้สาย
26071805319,ไขควงกระแทกไร้สาย
43803937245,ไขควงกระแทกไร้สาย
43101908101,ไขควงกระแทกไร้สาย
42156257447,ไขควงกระแทกไร้สาย
29872844156,ไขควงกระแทกไร้สาย
29585887650,ไขควงกระแทกไร้สาย
29571683015,ไขควงกระแทกไร้สาย
28922625735,ไขควงกระแทกไร้สาย
28922611310,ไขควงกระแทกไร้สาย
29672611370,ไขควงกระแทกไร้สาย
27972724854,ไขควงกระแทกไร้สาย
27732094457,ไขควงกระแทกไร้สาย
26822869383,ไขควงกระแทกไร้สาย
26421682845,ไขควงกระแทกไร้สาย
25589811699,ไขควงกระแทกไร้สาย
24990265649,ไขควงกระแทกไร้สาย
27173566014,ไขควงกระแทกไร้สาย
27307911510,ไขควงกระแทกไร้สาย
29412220444,ไขควงกระแทกไร้สาย
28981600536,ไขควงกระแทกไร้สาย
26407972873,ไขควงกระแทกไร้สาย
24535732670,ไขควงกระแทกไร้สาย
29673629831,ไขควงกระแทกไร้สาย
28823734489,ไขควงกระแทกไร้สาย
25840560511,ไขควงกระแทกไร้สาย
26425354473,ไขควงกระแทกไร้สาย
29757868134,ไขควงกระแทกไร้สาย
1729624980836944704,ไขควงกระแทกไร้สาย
1730740753502538571,ไขควงกระแทกไร้สาย
1729557638350145751,ไขควงกระแทกไร้สาย
1729624485363485504,ไขควงกระแทกไร้สาย
1729581700264856074,ไขควงกระแทกไร้สาย
1730358132472777536,ไขควงกระแทกไร้สาย
1730730542599146063,ไขควงกระแทกไร้สาย
1729721098490383168,ไขควงกระแทกไร้สาย
1730371608506370127,ไขควงกระแทกไร้สาย
1729734391595502090,ไขควงกระแทกไร้สาย
1730759657278638632,ไขควงกระแทกไร้สาย
1730707504894151259,ไขควงกระแทกไร้สาย
1729637554430184256,ไขควงกระแทกไร้สาย
1730737277752281661,ไขควงกระแทกไร้สาย
1729623642408716861,ไขควงกระแทกไร้สาย
1730341727271815741,ไขควงกระแทกไร้สาย
1730738092889049182,ไขควงกระแทกไร้สาย
1730355279733754420,ไขควงกระแทกไร้สาย
1730315951031683092,ไขควงกระแทกไร้สาย
1729998649900829482,ไขควงกระแทกไร้สาย
1729661244754594356,ไขควงกระแทกไร้สาย
1730736943094860694,ไขควงกระแทกไร้สาย
1730735216365439956,ไขควงกระแทกไร้สาย
1729632437657701075,ไขควงกระแทกไร้สาย
1730622197501429780,ไขควงกระแทกไร้สาย
1730733893174528832,ไขควงกระแทกไร้สาย
1730726768386280050,ไขควงกระแทกไร้สาย
1730742674751588943,ไขควงกระแทกไร้สาย
4406367915,เลื่อยไร้สาย+ด้าม
4424919656,เลื่อยไร้สาย+ด้าม
4491301105,เลื่อยไร้สาย+ด้าม
4423060404,เลื่อยไร้สาย+ด้าม
4170150760,เลื่อยไร้สาย+ด้าม
4418440335,เลื่อยไร้สาย+ด้าม
23522477450,เลื่อยไร้สาย+ด้าม
22522249817,เลื่อยไร้สาย+ด้าม
23624499767,เลื่อยไร้สาย+ด้าม
22824701052,เลื่อยไร้สาย+ด้าม
19190338283,เลื่อยไร้สาย+ด้าม
17292751480,เลื่อยไร้สาย+ด้าม
18973946427,เลื่อยไร้สาย+ด้าม
17321926768,เลื่อยไร้สาย+ด้าม
22327383882,เลื่อยไร้สาย+ด้าม
15712471857,เลื่อยไร้สาย+ด้าม
23724689490,เลื่อยไร้สาย+ด้าม
23441051390,เลื่อยไร้สาย+ด้าม
23122488042,เลื่อยไร้สาย+ด้าม
16193026291,เลื่อยไร้สาย+ด้าม
15049335533,เลื่อยไร้สาย+ด้าม
8945886113,เลื่อยไร้สาย+ด้าม
7136798389,เลื่อยไร้สาย+ด้าม
23855426207,เลื่อยไร้สาย+ด้าม
22179158506,เลื่อยไร้สาย+ด้าม
23422882205,เลื่อยไร้สาย+ด้าม
23224691300,เลื่อยไร้สาย+ด้าม
20876117465,เลื่อยไร้สาย+ด้าม
23928217013,เลื่อยไร้สาย+ด้าม
18288825730,เลื่อยไร้สาย+ด้าม
19774468713,เลื่อยไร้สาย+ด้าม
19182029612,เลื่อยไร้สาย+ด้าม
25959806538,เลื่อยไร้สาย+ด้าม
25415690200,เลื่อยไร้สาย+ด้าม
24718438113,เลื่อยไร้สาย+ด้าม
23836244442,เลื่อยไร้สาย+ด้าม
22589463235,เลื่อยไร้สาย+ด้าม
25270983736,เลื่อยไร้สาย+ด้าม
25710630338,เลื่อยไร้สาย+ด้าม
24679908970,เลื่อยไร้สาย+ด้าม
23558519803,เลื่อยไร้สาย+ด้าม
21760903820,เลื่อยไร้สาย+ด้าม
19192811575,เลื่อยไร้สาย+ด้าม
25764125781,เลื่อยไร้สาย+ด้าม
23177407476,เลื่อยไร้สาย+ด้าม
23589597916,เลื่อยไร้สาย+ด้าม
29851250245,เลื่อยไร้สาย+ด้าม
25178082147,เลื่อยไร้สาย+ด้าม
27651240311,เลื่อยไร้สาย+ด้าม
22575717423,เลื่อยไร้สาย+ด้าม
19093686691,เลื่อยไร้สาย+ด้าม
21773018206,เลื่อยไร้สาย+ด้าม
24726747681,เลื่อยไร้สาย+ด้าม
28451258961,เลื่อยไร้สาย+ด้าม
27102533059,เลื่อยไร้สาย+ด้าม
28003601779,เลื่อยไร้สาย+ด้าม
27350443377,เลื่อยไร้สาย+ด้าม
28750278699,เลื่อยไร้สาย+ด้าม
25723321278,เลื่อยไร้สาย+ด้าม
25376098593,เลื่อยไร้สาย+ด้าม
17399940166,เลื่อยไร้สาย+ด้าม
25811698000,เลื่อยไร้สาย+ด้าม
26209446029,เลื่อยไร้สาย+ด้าม
25179332190,เลื่อยไร้สาย+ด้าม
25382903194,เลื่อยไร้สาย+ด้าม
26112628115,เลื่อยไร้สาย+ด้าม
22364505653,เลื่อยไร้สาย+ด้าม
25631308243,เลื่อยไร้สาย+ด้าม
25533916863,เลื่อยไร้สาย+ด้าม
16695976617,เลื่อยไร้สาย+ด้าม
28461599401,เลื่อยไร้สาย+ด้าม
29662320998,เลื่อยไร้สาย+ด้าม
25996490667,เลื่อยไร้สาย+ด้าม
41612227850,เลื่อยไร้สาย+ด้าม
42114301870,เลื่อยไร้สาย+ด้าม
43864272270,เลื่อยไร้สาย+ด้าม
8734855420,เลื่อยไร้สาย+ด้าม
41464137662,เลื่อยไร้สาย+ด้าม
41764265250,เลื่อยไร้สาย+ด้าม
43513756474,เลื่อยไร้สาย+ด้าม
42914276859,เลื่อยไร้สาย+ด้าม
41864265182,เลื่อยไร้สาย+ด้าม
1729611077265558469,เลื่อยไร้สาย+ด้าม
1729636263619169143,เลื่อยไร้สาย+ด้าม
1729689574329715575,เลื่อยไร้สาย+ด้าม
1729589804150262706,เลื่อยไร้สาย+ด้าม
1730111675929168715,เลื่อยไร้สาย+ด้าม
1729714221455149445,เลื่อยไร้สาย+ด้าม
1730124240855665266,เลื่อยไร้สาย+ด้าม
1730252339941182072,เลื่อยไร้สาย+ด้าม
1729589949647915397,เลื่อยไร้สาย+ด้าม
1729634380612930127,เลื่อยไร้สาย+ด้าม
1729587651637381723,เลื่อยไร้สาย+ด้าม
1729673293957663552,เลื่อยไร้สาย+ด้าม
1729676775327762824,เลื่อยไร้สาย+ด้าม
1730467917146459092,เลื่อยไร้สาย+ด้าม
1730144765588900431,เลื่อยไร้สาย+ด้าม
1729738815679269496,เลื่อยไร้สาย+ด้าม
1729788890452297807,เลื่อยไร้สาย+ด้าม
1730291647112711119,เลื่อยไร้สาย+ด้าม
1729712652041358292,เลื่อยไร้สาย+ด้าม
1729589628646886065,เลื่อยไร้สาย+ด้าม
1730703291138214804,เลื่อยไร้สาย+ด้าม
1730819760758163860,เลื่อยไร้สาย+ด้าม
1730392491577936394,เลื่อยไร้สาย+ด้าม
1729589301922663244,เลื่อยไร้สาย+ด้าม
22557235668,พัดลมไร้สาย
22782711365,พัดลมไร้สาย
22356899192,พัดลมไร้สาย
20093858715,พัดลมไร้สาย
23357833684,พัดลมไร้สาย
22482747788,พัดลมไร้สาย
20894156955,พัดลมไร้สาย
23557334181,พัดลมไร้สาย
18794171618,พัดลมไร้สาย
22457236704,พัดลมไร้สาย
22383144996,พัดลมไร้สาย
22283223950,พัดลมไร้สาย
18794091107,พัดลมไร้สาย
12809300735,พัดลมไร้สาย
10242101676,พัดลมไร้สาย
17108198580,พัดลมไร้สาย
10842656161,พัดลมไร้สาย
20051984797,พัดลมไร้สาย
23110185654,พัดลมไร้สาย
14761200948,พัดลมไร้สาย
20052271467,พัดลมไร้สาย
11750627896,พัดลมไร้สาย
5919173832,พัดลมไร้สาย
12181294449,พัดลมไร้สาย
15991334723,พัดลมไร้สาย
17882498822,พัดลมไร้สาย
18504981320,พัดลมไร้สาย
9313911555,พัดลมไร้สาย
21234625968,พัดลมไร้สาย
20871312216,พัดลมไร้สาย
12997003391,พัดลมไร้สาย
14484398073,พัดลมไร้สาย
13501822868,พัดลมไร้สาย
23011603508,พัดลมไร้สาย
18390506600,พัดลมไร้สาย
12791900817,พัดลมไร้สาย
22782506933,พัดลมไร้สาย
12302416801,พัดลมไร้สาย
11258903728,พัดลมไร้สาย
10147656059,พัดลมไร้สาย
23658993108,พัดลมไร้สาย
8527766190,พัดลมไร้สาย
21450541603,พัดลมไร้สาย
4345451078,พัดลมไร้สาย
23887489549,พัดลมไร้สาย
9647640531,พัดลมไร้สาย
19060254235,พัดลมไร้สาย
24251009180,พัดลมไร้สาย
20737551752,พัดลมไร้สาย
13793145183,พัดลมไร้สาย
7854100209,พัดลมไร้สาย
10944705875,พัดลมไร้สาย
12402391947,พัดลมไร้สาย
23975517782,พัดลมไร้สาย
16387008606,พัดลมไร้สาย
14499217471,พัดลมไร้สาย
22004812841,พัดลมไร้สาย
10348930377,พัดลมไร้สาย
23146617588,พัดลมไร้สาย
23582173578,พัดลมไร้สาย
21185160309,พัดลมไร้สาย
18794017627,พัดลมไร้สาย
22482876122,พัดลมไร้สาย
25363471489,พัดลมไร้สาย
21795687865,พัดลมไร้สาย
24962573172,พัดลมไร้สาย
18195780350,พัดลมไร้สาย
25501310283,พัดลมไร้สาย
25303061790,พัดลมไร้สาย
24650433610,พัดลมไร้สาย
24300384255,พัดลมไร้สาย
23783092814,พัดลมไร้สาย
23560715429,พัดลมไร้สาย
23397035758,พัดลมไร้สาย
22292576159,พัดลมไร้สาย
19986374128,พัดลมไร้สาย
25611694834,พัดลมไร้สาย
11544450495,พัดลมไร้สาย
24356723956,พัดลมไร้สาย
19485778469,พัดลมไร้สาย
24860594074,พัดลมไร้สาย
22059819477,พัดลมไร้สาย
25769008695,พัดลมไร้สาย
24019818448,พัดลมไร้สาย
24561492495,พัดลมไร้สาย
12411342450,พัดลมไร้สาย
12201667977,พัดลมไร้สาย
25753280964,พัดลมไร้สาย
21768264338,พัดลมไร้สาย
20739230633,พัดลมไร้สาย
25266321862,พัดลมไร้สาย
20922824696,พัดลมไร้สาย
26050062411,พัดลมไร้สาย
25224714636,พัดลมไร้สาย
24875123892,พัดลมไร้สาย
24627429255,พัดลมไร้สาย
20993991119,พัดลมไร้สาย
24854851471,พัดลมไร้สาย
24815980337,พัดลมไร้สาย
27601179349,พัดลมไร้สาย
25226939592,พัดลมไร้สาย
25026934418,พัดลมไร้สาย
24222571736,พัดลมไร้สาย
23764188466,พัดลมไร้สาย
23583224501,พัดลมไร้สาย
22564270862,พัดลมไร้สาย
22657551912,พัดลมไร้สาย
25754448585,พัดลมไร้สาย
13197891753,พัดลมไร้สาย
24473740360,พัดลมไร้สาย
25077378005,พัดลมไร้สาย
25476784273,พัดลมไร้สาย
20396500043,พัดลมไร้สาย
16195787304,พัดลมไร้สาย
20182395312,พัดลมไร้สาย
25277388054,พัดลมไร้สาย
29701732444,พัดลมไร้สาย
24981051434,พัดลมไร้สาย
25684184464,พัดลมไร้สาย
27506775707,พัดลมไร้สาย
25327522608,พัดลมไร้สาย
25082769609,พัดลมไร้สาย
22182731462,พัดลมไร้สาย
20685009787,พัดลมไร้สาย
24671586794,พัดลมไร้สาย
26856742020,พัดลมไร้สาย
16599767480,พัดลมไร้สาย
29003422046,พัดลมไร้สาย
26016978911,พัดลมไร้สาย
28458727873,พัดลมไร้สาย
27262543551,พัดลมไร้สาย
23089297678,พัดลมไร้สาย
24269034658,พัดลมไร้สาย
15685270567,พัดลมไร้สาย
27606760566,พัดลมไร้สาย
28975383989,พัดลมไร้สาย
29217155134,พัดลมไร้สาย
28865294595,พัดลมไร้สาย
26513000084,พัดลมไร้สาย
26863174764,พัดลมไร้สาย
20581717244,พัดลมไร้สาย
24689895570,พัดลมไร้สาย
28682094574,พัดลมไร้สาย
26312899161,พัดลมไร้สาย
27272740046,พัดลมไร้สาย
28713171797,พัดลมไร้สาย
26271788625,พัดลมไร้สาย
27973476775,พัดลมไร้สาย
49700302363,พัดลมไร้สาย
44310900755,พัดลมไร้สาย
29927704378,พัดลมไร้สาย
26174979127,พัดลมไร้สาย
42105993986,พัดลมไร้สาย
27937654229,พัดลมไร้สาย
43110306605,พัดลมไร้สาย
40060927022,พัดลมไร้สาย
29440393398,พัดลมไร้สาย
43654798576,พัดลมไร้สาย
40556240552,พัดลมไร้สาย
29367152199,พัดลมไร้สาย
27617157596,พัดลมไร้สาย
1729756670799088581,พัดลมไร้สาย
1729742291265620571,พัดลมไร้สาย
1729743923166350156,พัดลมไร้สาย
1729745833834416960,พัดลมไร้สาย
1729752468152027979,พัดลมไร้สาย
1730014605364267599,พัดลมไร้สาย
1729616846959971147,พัดลมไร้สาย
1730213126307744370,พัดลมไร้สาย
1729740599463479577,พัดลมไร้สาย
1729808428146133910,พัดลมไร้สาย
1729677967057914699,พัดลมไร้สาย
1729620334739163968,พัดลมไร้สาย
1729544284934015498,พัดลมไร้สาย
1729620339410766656,พัดลมไร้สาย
1729736292822321385,พัดลมไร้สาย
1730229141689829603,พัดลมไร้สาย
1730240559542536473,พัดลมไร้สาย
1730069172953385533,พัดลมไร้สาย
1730377530698861524,พัดลมไร้สาย
1730087148683430277,พัดลมไร้สาย
1729948461742852648,พัดลมไร้สาย
1730530163220383804,พัดลมไร้สาย
1730352055177415282,พัดลมไร้สาย
1729962461881076190,พัดลมไร้สาย
1730589658050300884,พัดลมไร้สาย
1730418316944705630,พัดลมไร้สาย
1730738089492908126,พัดลมไร้สาย
1730276602216155345,พัดลมไร้สาย
1891918931,สว่านโรตารี่ไร้สาย
2089702400,สว่านโรตารี่ไร้สาย
3375268839,สว่านโรตารี่ไร้สาย
4330543686,สว่านโรตารี่ไร้สาย
4186063660,สว่านโรตารี่ไร้สาย
2360973627,สว่านโรตารี่ไร้สาย
2185980162,สว่านโรตารี่ไร้สาย
2980976048,สว่านโรตารี่ไร้สาย
4197075239,สว่านโรตารี่ไร้สาย
4240780019,สว่านโรตารี่ไร้สาย
3376423676,สว่านโรตารี่ไร้สาย
2355817959,สว่านโรตารี่ไร้สาย
1228510192,สว่านโรตารี่ไร้สาย
4736274988,สว่านโรตารี่ไร้สาย
4518823577,สว่านโรตารี่ไร้สาย
3382491142,สว่านโรตารี่ไร้สาย
2360491932,สว่านโรตารี่ไร้สาย
2596753651,สว่านโรตารี่ไร้สาย
4745996992,สว่านโรตารี่ไร้สาย
4335239953,สว่านโรตารี่ไร้สาย
4479509476,สว่านโรตารี่ไร้สาย
2614257664,สว่านโรตารี่ไร้สาย
2803545067,สว่านโรตารี่ไร้สาย
2981716507,สว่านโรตารี่ไร้สาย
387036858,สว่านโรตารี่ไร้สาย
22837913756,สว่านโรตารี่ไร้สาย
11001412988,สว่านโรตารี่ไร้สาย
10249005245,สว่านโรตารี่ไร้สาย
22337904926,สว่านโรตารี่ไร้สาย
18574421124,สว่านโรตารี่ไร้สาย
19854824441,สว่านโรตารี่ไร้สาย
20765409185,สว่านโรตารี่ไร้สาย
12249113415,สว่านโรตารี่ไร้สาย
20469372519,สว่านโรตารี่ไร้สาย
12709077293,สว่านโรตารี่ไร้สาย
7672100389,สว่านโรตารี่ไร้สาย
18249060646,สว่านโรตารี่ไร้สาย
3689987591,สว่านโรตารี่ไร้สาย
20529080557,สว่านโรตารี่ไร้สาย
16884188411,สว่านโรตารี่ไร้สาย
6164783421,สว่านโรตารี่ไร้สาย
18376453197,สว่านโรตารี่ไร้สาย
12728584457,สว่านโรตารี่ไร้สาย
10119666516,สว่านโรตารี่ไร้สาย
14839740059,สว่านโรตารี่ไร้สาย
9751076629,สว่านโรตารี่ไร้สาย
4214213049,สว่านโรตารี่ไร้สาย
2445152143,สว่านโรตารี่ไร้สาย
22528580074,สว่านโรตารี่ไร้สาย
20146675186,สว่านโรตารี่ไร้สาย
4691857372,สว่านโรตารี่ไร้สาย
20275645042,สว่านโรตารี่ไร้สาย
12769113405,สว่านโรตารี่ไร้สาย
12611397449,สว่านโรตารี่ไร้สาย
12194628221,สว่านโรตารี่ไร้สาย
5762807882,สว่านโรตารี่ไร้สาย
3551846724,สว่านโรตารี่ไร้สาย
2979531010,สว่านโรตารี่ไร้สาย
20989460391,สว่านโรตารี่ไร้สาย
18589911747,สว่านโรตารี่ไร้สาย
18469614951,สว่านโรตารี่ไร้สาย
16686294090,สว่านโรตารี่ไร้สาย
14739740504,สว่านโรตารี่ไร้สาย
13501326426,สว่านโรตารี่ไร้สาย
23674619870,สว่านโรตารี่ไร้สาย
22849575469,สว่านโรตารี่ไร้สาย
9079179497,สว่านโรตารี่ไร้สาย
6817474231,สว่านโรตารี่ไร้สาย
22708002596,สว่านโรตารี่ไร้สาย
3435612112,สว่านโรตารี่ไร้สาย
23218133013,สว่านโรตารี่ไร้สาย
22318189718,สว่านโรตารี่ไร้สาย
21493295534,สว่านโรตารี่ไร้สาย
21014263363,สว่านโรตารี่ไร้สาย
23945222194,สว่านโรตารี่ไร้สาย
18173738938,สว่านโรตารี่ไร้สาย
23770970197,สว่านโรตารี่ไร้สาย
18729083394,สว่านโรตารี่ไร้สาย
25761736184,สว่านโรตารี่ไร้สาย
25963043498,สว่านโรตารี่ไร้สาย
25763097554,สว่านโรตารี่ไร้สาย
25554640685,สว่านโรตารี่ไร้สาย
25850772185,สว่านโรตารี่ไร้สาย
24811737233,สว่านโรตารี่ไร้สาย
24863203733,สว่านโรตารี่ไร้สาย
24413489337,สว่านโรตารี่ไร้สาย
25864757412,สว่านโรตารี่ไร้สาย
25967505176,สว่านโรตารี่ไร้สาย
25268716207,สว่านโรตารี่ไร้สาย
24966739680,สว่านโรตารี่ไร้สาย
24869520800,สว่านโรตารี่ไร้สาย
24613522028,สว่านโรตารี่ไร้สาย
22244531679,สว่านโรตารี่ไร้สาย
24016737481,สว่านโรตารี่ไร้สาย
24013796241,สว่านโรตารี่ไร้สาย
24013315407,สว่านโรตารี่ไร้สาย
22489356156,สว่านโรตารี่ไร้สาย
9312095162,สว่านโรตารี่ไร้สาย
23862532751,สว่านโรตารี่ไร้สาย
22074873980,สว่านโรตารี่ไร้สาย
19587497784,สว่านโรตารี่ไร้สาย
23662601264,สว่านโรตารี่ไร้สาย
24116102245,สว่านโรตารี่ไร้สาย
16599679943,สว่านโรตารี่ไร้สาย
25956120803,สว่านโรตารี่ไร้สาย
10618792100,สว่านโรตารี่ไร้สาย
22233029039,สว่านโรตารี่ไร้สาย
21678046934,สว่านโรตารี่ไร้สาย
22255249623,สว่านโรตารี่ไร้สาย
18493267958,สว่านโรตารี่ไร้สาย
13830741896,สว่านโรตารี่ไร้สาย
12806471931,สว่านโรตารี่ไร้สาย
12286417094,สว่านโรตารี่ไร้สาย
12517301748,สว่านโรตารี่ไร้สาย
11159189195,สว่านโรตารี่ไร้สาย
4435157552,สว่านโรตารี่ไร้สาย
24263312492,สว่านโรตารี่ไร้สาย
28111165186,สว่านโรตารี่ไร้สาย
23934746863,สว่านโรตารี่ไร้สาย
28351074597,สว่านโรตารี่ไร้สาย
25203533031,สว่านโรตารี่ไร้สาย
22180717773,สว่านโรตารี่ไร้สาย
24913779303,สว่านโรตารี่ไร้สาย
22088753016,สว่านโรตารี่ไร้สาย
16921994605,สว่านโรตารี่ไร้สาย
28651191501,สว่านโรตารี่ไร้สาย
25668160248,สว่านโรตารี่ไร้สาย
24025772079,สว่านโรตารี่ไร้สาย
27702953553,สว่านโรตารี่ไร้สาย
24131322314,สว่านโรตารี่ไร้สาย
29652490144,สว่านโรตารี่ไร้สาย
18957193442,สว่านโรตารี่ไร้สาย
24514589359,สว่านโรตารี่ไร้สาย
24568529548,สว่านโรตารี่ไร้สาย
19058766061,สว่านโรตารี่ไร้สาย
28556760824,สว่านโรตารี่ไร้สาย
26906776684,สว่านโรตารี่ไร้สาย
27006745635,สว่านโรตารี่ไร้สาย
29503914170,สว่านโรตารี่ไร้สาย
24525697718,สว่านโรตารี่ไร้สาย
27260981177,สว่านโรตารี่ไร้สาย
24022099165,สว่านโรตารี่ไร้สาย
25635952067,สว่านโรตารี่ไร้สาย
29111039301,สว่านโรตารี่ไร้สาย
27413325691,สว่านโรตารี่ไร้สาย
24389598652,สว่านโรตารี่ไร้สาย
27120889872,สว่านโรตารี่ไร้สาย
29114808435,สว่านโรตารี่ไร้สาย
24088005144,สว่านโรตารี่ไร้สาย
29114808294,สว่านโรตารี่ไร้สาย
27516315215,สว่านโรตารี่ไร้สาย
23190394093,สว่านโรตารี่ไร้สาย
27063575636,สว่านโรตารี่ไร้สาย
28361012999,สว่านโรตารี่ไร้สาย
26621971838,สว่านโรตารี่ไร้สาย
26482347704,สว่านโรตารี่ไร้สาย
28533011684,สว่านโรตารี่ไร้สาย
28133003819,สว่านโรตารี่ไร้สาย
26683014124,สว่านโรตารี่ไร้สาย
26082744994,สว่านโรตารี่ไร้สาย
26282685100,สว่านโรตารี่ไร้สาย
44301928562,สว่านโรตารี่ไร้สาย
43911703997,สว่านโรตารี่ไร้สาย
43901914415,สว่านโรตารี่ไร้สาย
42959263808,สว่านโรตารี่ไร้สาย
41659264018,สว่านโรตารี่ไร้สาย
41205411335,สว่านโรตารี่ไร้สาย
29833793573,สว่านโรตารี่ไร้สาย
29862638787,สว่านโรตารี่ไร้สาย
27183904847,สว่านโรตารี่ไร้สาย
26582986764,สว่านโรตารี่ไร้สาย
25494621042,สว่านโรตารี่ไร้สาย
25093850408,สว่านโรตารี่ไร้สาย
24443928252,สว่านโรตารี่ไร้สาย
55050089173,สว่านโรตารี่ไร้สาย
1730000070233655887,สว่านโรตารี่ไร้สาย
1729557629533063383,สว่านโรตารี่ไร้สาย
1729671849340865490,สว่านโรตารี่ไร้สาย
1729429867722607218,สว่านโรตารี่ไร้สาย
1729596322737260933,สว่านโรตารี่ไร้สาย
1730002800796207947,สว่านโรตารี่ไร้สาย
1729620083772328625,สว่านโรตารี่ไร้สาย
1730003835747077061,สว่านโรตารี่ไร้สาย
1729617895507790656,สว่านโรตารี่ไร้สาย
1730001943746808434,สว่านโรตารี่ไร้สาย
1729641766622825105,สว่านโรตารี่ไร้สาย
1729999981778144064,สว่านโรตารี่ไร้สาย
1729642920263322257,สว่านโรตารี่ไร้สาย
1730029145752963915,สว่านโรตารี่ไร้สาย
1729626297439456064,สว่านโรตารี่ไร้สาย
1729634678238251630,สว่านโรตารี่ไร้สาย
1729778478941965175,สว่านโรตารี่ไร้สาย
1729616060885142077,สว่านโรตารี่ไร้สาย
1730003015914785157,สว่านโรตารี่ไร้สาย
1729696356027894725,สว่านโรตารี่ไร้สาย
1729641777232251089,สว่านโรตารี่ไร้สาย
1729557635678832855,สว่านโรตารี่ไร้สาย
1730059524878404573,สว่านโรตารี่ไร้สาย
1729620302705888064,สว่านโรตารี่ไร้สาย
1729671851640196050,สว่านโรตารี่ไร้สาย
1730005650837899985,สว่านโรตารี่ไร้สาย
1730239217521757125,สว่านโรตารี่ไร้สาย
1730370152676886701,สว่านโรตารี่ไร้สาย
1730294757881448542,สว่านโรตารี่ไร้สาย
1730206714945243709,สว่านโรตารี่ไร้สาย
1729615596832393733,สว่านโรตารี่ไร้สาย
1729620330687793984,สว่านโรตารี่ไร้สาย
1730389465673731028,สว่านโรตารี่ไร้สาย
1730270440159349362,สว่านโรตารี่ไร้สาย
1730530157182093372,สว่านโรตารี่ไร้สาย
1730010822478432859,สว่านโรตารี่ไร้สาย
1729999980518410872,สว่านโรตารี่ไร้สาย
1730913139734121428,สว่านโรตารี่ไร้สาย
1730076144440281244,สว่านโรตารี่ไร้สาย
1730881871410268638,สว่านโรตารี่ไร้สาย
1730724127388895881,สว่านโรตารี่ไร้สาย
1730512424082835747,สว่านโรตารี่ไร้สาย
1729612687844346699,สว่านโรตารี่ไร้สาย
48206551101,ไขควงไฟฟ้าเล็ก
23135961800,ไขควงไฟฟ้าเล็ก
22185941250,ไขควงไฟฟ้าเล็ก
40968039572,ไขควงไฟฟ้าเล็ก
20069614589,ไขควงไฟฟ้าเล็ก
49955681804,ไขควงไฟฟ้าเล็ก
41554354722,ไขควงไฟฟ้าเล็ก
42124262776,ไขควงไฟฟ้าเล็ก
29271403931,ไขควงไฟฟ้าเล็ก
27279276251,ไขควงไฟฟ้าเล็ก
27229264451,ไขควงไฟฟ้าเล็ก
40100504606,ไขควงไฟฟ้าเล็ก
26919175786,ไขควงไฟฟ้าเล็ก
25389004133,ไขควงไฟฟ้าเล็ก
47855750080,ไขควงไฟฟ้าเล็ก
41613755964,ไขควงไฟฟ้าเล็ก
28271418529,ไขควงไฟฟ้าเล็ก
25373815413,ไขควงไฟฟ้าเล็ก
24495324534,ไขควงไฟฟ้าเล็ก
25972491562,ไขควงไฟฟ้าเล็ก
24278090572,ไขควงไฟฟ้าเล็ก
29668154956,ไขควงไฟฟ้าเล็ก
17999916966,ไขควงไฟฟ้าเล็ก
52104129765,ไขควงไฟฟ้าเล็ก
25126268000,ไขควงไฟฟ้าเล็ก
25870383731,ไขควงไฟฟ้าเล็ก
7617661116,ไขควงไฟฟ้าเล็ก
25164481645,ไขควงไฟฟ้าเล็ก
25963579530,ไขควงไฟฟ้าเล็ก
24564410083,ไขควงไฟฟ้าเล็ก
24521105472,ไขควงไฟฟ้าเล็ก
24022480352,ไขควงไฟฟ้าเล็ก
26844224745,ไขควงไฟฟ้าเล็ก
6017658954,ไขควงไฟฟ้าเล็ก
44951909954,ไขควงไฟฟ้าเล็ก
26902844699,ไขควงไฟฟ้าเล็ก
25527103981,ไขควงไฟฟ้าเล็ก
3417754941,ไขควงไฟฟ้าเล็ก
5688992514,ไขควงไฟฟ้าเล็ก
27635770215,ไขควงไฟฟ้าเล็ก
27474216522,ไขควงไฟฟ้าเล็ก
22038991773,ไขควงไฟฟ้าเล็ก
20087120463,ไขควงไฟฟ้าเล็ก
40015122946,ไขควงไฟฟ้าเล็ก
55850563724,ไขควงไฟฟ้าเล็ก
42624441122,ไขควงไฟฟ้าเล็ก
44855536368,ไขควงไฟฟ้าเล็ก
57555609199,ไขควงไฟฟ้าเล็ก
40415235332,ไขควงไฟฟ้าเล็ก
29839578269,ไขควงไฟฟ้าเล็ก
28363484636,ไขควงไฟฟ้าเล็ก
25382017618,ไขควงไฟฟ้าเล็ก
41869386673,ไขควงไฟฟ้าเล็ก
43606687959,ไขควงไฟฟ้าเล็ก
42778840756,ไขควงไฟฟ้าเล็ก
51252262127,ไขควงไฟฟ้าเล็ก
29289638889,ไขควงไฟฟ้าเล็ก
47903052708,ไขควงไฟฟ้าเล็ก
53804274456,ไขควงไฟฟ้าเล็ก
57056610623,ไขควงไฟฟ้าเล็ก
56056539121,ไขควงไฟฟ้าเล็ก
52156543925,ไขควงไฟฟ้าเล็ก
45556655446,ไขควงไฟฟ้าเล็ก
42478909068,ไขควงไฟฟ้าเล็ก
42728946667,ไขควงไฟฟ้าเล็ก
52106629548,ไขควงไฟฟ้าเล็ก
52056509952,ไขควงไฟฟ้าเล็ก
28594288688,ไขควงไฟฟ้าเล็ก
47406549397,ไขควงไฟฟ้าเล็ก
47856565475,ไขควงไฟฟ้าเล็ก
26444290099,ไขควงไฟฟ้าเล็ก
49706605203,ไขควงไฟฟ้าเล็ก
44556722391,ไขควงไฟฟ้าเล็ก
27294331276,ไขควงไฟฟ้าเล็ก
5480059724,ไขควงไฟฟ้าเล็ก
56006621976,ไขควงไฟฟ้าเล็ก
24818327570,ไขควงไฟฟ้าเล็ก
57406554678,ไขควงไฟฟ้าเล็ก
56156619361,ไขควงไฟฟ้าเล็ก
55556634162,ไขควงไฟฟ้าเล็ก
52406558454,ไขควงไฟฟ้าเล็ก
51706558482,ไขควงไฟฟ้าเล็ก
51106740806,ไขควงไฟฟ้าเล็ก
50706857432,ไขควงไฟฟ้าเล็ก
50306618801,ไขควงไฟฟ้าเล็ก
48356675579,ไขควงไฟฟ้าเล็ก
46106506222,ไขควงไฟฟ้าเล็ก
27694354326,ไขควงไฟฟ้าเล็ก
4577184537,เครื่องเจียรไร้สาย
2705431033,เครื่องเจียรไร้สาย
2743491041,เครื่องเจียรไร้สาย
2895782353,เครื่องเจียรไร้สาย
1456072615,เครื่องเจียรไร้สาย
4583045241,เครื่องเจียรไร้สาย
3848607039,เครื่องเจียรไร้สาย
3345724095,เครื่องเจียรไร้สาย
966118295,เครื่องเจียรไร้สาย
2743352622,เครื่องเจียรไร้สาย
1862906093,เครื่องเจียรไร้สาย
2695818062,เครื่องเจียรไร้สาย
4642057896,เครื่องเจียรไร้สาย
2767655046,เครื่องเจียรไร้สาย
1382330045,เครื่องเจียรไร้สาย
4351005499,เครื่องเจียรไร้สาย
3805712067,เครื่องเจียรไร้สาย
1797940594,เครื่องเจียรไร้สาย
4108888447,เครื่องเจียรไร้สาย
3117774515,เครื่องเจียรไร้สาย
2743725628,เครื่องเจียรไร้สาย
4375172880,เครื่องเจียรไร้สาย
1807056282,เครื่องเจียรไร้สาย
4307019047,เครื่องเจียรไร้สาย
4186730241,เครื่องเจียรไร้สาย
4594245329,เครื่องเจียรไร้สาย
4664231967,เครื่องเจียรไร้สาย
4735998897,เครื่องเจียรไร้สาย
4375253221,เครื่องเจียรไร้สาย
3942520817,เครื่องเจียรไร้สาย
4183949198,เครื่องเจียรไร้สาย
1806942803,เครื่องเจียรไร้สาย
4531865723,เครื่องเจียรไร้สาย
4381907969,เครื่องเจียรไร้สาย
4256649621,เครื่องเจียรไร้สาย
4184007038,เครื่องเจียรไร้สาย
2745979909,เครื่องเจียรไร้สาย
2198908182,เครื่องเจียรไร้สาย
4667356950,เครื่องเจียรไร้สาย
3064883015,เครื่องเจียรไร้สาย
2705095870,เครื่องเจียรไร้สาย
2552627135,เครื่องเจียรไร้สาย
20572658772,เครื่องเจียรไร้สาย
19676133744,เครื่องเจียรไร้สาย
13505527898,เครื่องเจียรไร้สาย
13627678859,เครื่องเจียรไร้สาย
23766062431,เครื่องเจียรไร้สาย
10098911863,เครื่องเจียรไร้สาย
3068366623,เครื่องเจียรไร้สาย
12762892265,เครื่องเจียรไร้สาย
12534508123,เครื่องเจียรไร้สาย
10941476386,เครื่องเจียรไร้สาย
13508145079,เครื่องเจียรไร้สาย
3658023058,เครื่องเจียรไร้สาย
20357748441,เครื่องเจียรไร้สาย
18428978787,เครื่องเจียรไร้สาย
7064742828,เครื่องเจียรไร้สาย
18962944635,เครื่องเจียรไร้สาย
4179419777,เครื่องเจียรไร้สาย
12735856027,เครื่องเจียรไร้สาย
23921288366,เครื่องเจียรไร้สาย
22240571645,เครื่องเจียรไร้สาย
15699154697,เครื่องเจียรไร้สาย
12227628422,เครื่องเจียรไร้สาย
6880040525,เครื่องเจียรไร้สาย
6078915038,เครื่องเจียรไร้สาย
14820695620,เครื่องเจียรไร้สาย
13836053062,เครื่องเจียรไร้สาย
12110719840,เครื่องเจียรไร้สาย
12628376026,เครื่องเจียรไร้สาย
22010544687,เครื่องเจียรไร้สาย
16558602105,เครื่องเจียรไร้สาย
14597445256,เครื่องเจียรไร้สาย
10926101407,เครื่องเจียรไร้สาย
14259075981,เครื่องเจียรไร้สาย
9557055171,เครื่องเจียรไร้สาย
7607341043,เครื่องเจียรไร้สาย
23102712036,เครื่องเจียรไร้สาย
22642213582,เครื่องเจียรไร้สาย
21258431107,เครื่องเจียรไร้สาย
14679858014,เครื่องเจียรไร้สาย
13068782584,เครื่องเจียรไร้สาย
13053882963,เครื่องเจียรไร้สาย
12733152494,เครื่องเจียรไร้สาย
3173889059,เครื่องเจียรไร้สาย
19463005886,เครื่องเจียรไร้สาย
21357749755,เครื่องเจียรไร้สาย
18732844425,เครื่องเจียรไร้สาย
12715810668,เครื่องเจียรไร้สาย
6667713210,เครื่องเจียรไร้สาย
20372465306,เครื่องเจียรไร้สาย
20771029991,เครื่องเจียรไร้สาย
10688892319,เครื่องเจียรไร้สาย
10537645237,เครื่องเจียรไร้สาย
10705275943,เครื่องเจียรไร้สาย
22259145676,เครื่องเจียรไร้สาย
4180050176,เครื่องเจียรไร้สาย
6496092957,เครื่องเจียรไร้สาย
24852400295,เครื่องเจียรไร้สาย
18383999967,เครื่องเจียรไร้สาย
22155341065,เครื่องเจียรไร้สาย
13404354400,เครื่องเจียรไร้สาย
24703383223,เครื่องเจียรไร้สาย
10464654494,เครื่องเจียรไร้สาย
20791097276,เครื่องเจียรไร้สาย
7548361268,เครื่องเจียรไร้สาย
24363237549,เครื่องเจียรไร้สาย
23470488251,เครื่องเจียรไร้สาย
25963484303,เครื่องเจียรไร้สาย
25463476433,เครื่องเจียรไร้สาย
25613783315,เครื่องเจียรไร้สาย
25264760966,เครื่องเจียรไร้สาย
24263778948,เครื่องเจียรไร้สาย
25463462851,เครื่องเจียรไร้สาย
24103988536,เครื่องเจียรไร้สาย
25313794316,เครื่องเจียรไร้สาย
25713799085,เครื่องเจียรไร้สาย
22925271078,เครื่องเจียรไร้สาย
18858620102,เครื่องเจียรไร้สาย
22912541527,เครื่องเจียรไร้สาย
23218186155,เครื่องเจียรไร้สาย
21879836819,เครื่องเจียรไร้สาย
20279832092,เครื่องเจียรไร้สาย
19995758619,เครื่องเจียรไร้สาย
18171134906,เครื่องเจียรไร้สาย
13005994853,เครื่องเจียรไร้สาย
3832929447,เครื่องเจียรไร้สาย
22787882280,เครื่องเจียรไร้สาย
19105827942,เครื่องเจียรไร้สาย
24713461837,เครื่องเจียรไร้สาย
25862335908,เครื่องเจียรไร้สาย
21569017741,เครื่องเจียรไร้สาย
12110117853,เครื่องเจียรไร้สาย
25125616415,เครื่องเจียรไร้สาย
12110335914,เครื่องเจียรไร้สาย
25867573157,เครื่องเจียรไร้สาย
23559580038,เครื่องเจียรไร้สาย
19610750793,เครื่องเจียรไร้สาย
13718145139,เครื่องเจียรไร้สาย
14497023531,เครื่องเจียรไร้สาย
14649251833,เครื่องเจียรไร้สาย
14849252019,เครื่องเจียรไร้สาย
24606184999,เครื่องเจียรไร้สาย
18389439325,เครื่องเจียรไร้สาย
25820562878,เครื่องเจียรไร้สาย
18224012720,เครื่องเจียรไร้สาย
24816967230,เครื่องเจียรไร้สาย
25081048933,เครื่องเจียรไร้สาย
25820693080,เครื่องเจียรไร้สาย
24523011191,เครื่องเจียรไร้สาย
24710755188,เครื่องเจียรไร้สาย
25216026457,เครื่องเจียรไร้สาย
23889363920,เครื่องเจียรไร้สาย
29302868801,เครื่องเจียรไร้สาย
14127027970,เครื่องเจียรไร้สาย
29351179144,เครื่องเจียรไร้สาย
24974177345,เครื่องเจียรไร้สาย
24068535146,เครื่องเจียรไร้สาย
27200376307,เครื่องเจียรไร้สาย
18595628752,เครื่องเจียรไร้สาย
25024190997,เครื่องเจียรไร้สาย
27956677710,เครื่องเจียรไร้สาย
8028568270,เครื่องเจียรไร้สาย
24722418205,เครื่องเจียรไร้สาย
26803539952,เครื่องเจียรไร้สาย
24768948874,เครื่องเจียรไร้สาย
25014623923,เครื่องเจียรไร้สาย
29402284012,เครื่องเจียรไร้สาย
27356702944,เครื่องเจียรไร้สาย
25635897717,เครื่องเจียรไร้สาย
29602428209,เครื่องเจียรไร้สาย
26914844896,เครื่องเจียรไร้สาย
25813598496,เครื่องเจียรไร้สาย
19887504690,เครื่องเจียรไร้สาย
26860273042,เครื่องเจียรไร้สาย
28122045467,เครื่องเจียรไร้สาย
28021916123,เครื่องเจียรไร้สาย
28172939155,เครื่องเจียรไร้สาย
27022819335,เครื่องเจียรไร้สาย
25880923374,เครื่องเจียรไร้สาย
43424613294,เครื่องเจียรไร้สาย
27122723685,เครื่องเจียรไร้สาย
26172873111,เครื่องเจียรไร้สาย
28172587936,เครื่องเจียรไร้สาย
28472620024,เครื่องเจียรไร้สาย
26474726327,เครื่องเจียรไร้สาย
26133503830,เครื่องเจียรไร้สาย
29892925364,เครื่องเจียรไร้สาย
40467795515,เครื่องเจียรไร้สาย
27625917710,เครื่องเจียรไร้สาย
1729672027004570578,เครื่องเจียรไร้สาย
1729590936798727090,เครื่องเจียรไร้สาย
1730002792276069195,เครื่องเจียรไร้สาย
1729672032294964178,เครื่องเจียรไร้สาย
1730004235636738639,เครื่องเจียรไร้สาย
1729701858761214839,เครื่องเจียรไร้สาย
1730005192922794054,เครื่องเจียรไร้สาย
1730116426139601885,เครื่องเจียรไร้สาย
1729620197565565760,เครื่องเจียรไร้สาย
1729620176074607424,เครื่องเจียรไร้สาย
1729643575142877393,เครื่องเจียรไร้สาย
1730011408804711365,เครื่องเจียรไร้สาย
1729590619382188978,เครื่องเจียรไร้สาย
1730002801011559026,เครื่องเจียรไร้สาย
1729672026220891090,เครื่องเจียรไร้สาย
1730214585906465394,เครื่องเจียรไร้สาย
1730012726851963483,เครื่องเจียรไร้สาย
1730378334992042964,เครื่องเจียรไร้สาย
1730530164638648380,เครื่องเจียรไร้สาย
1730059525916232669,เครื่องเจียรไร้สาย
1729636323485321605,เครื่องเจียรไร้สาย
1730406488444537797,เครื่องเจียรไร้สาย
1730530172827371580,เครื่องเจียรไร้สาย
1730001958998870345,เครื่องเจียรไร้สาย
1730001477604838208,เครื่องเจียรไร้สาย
1730002776947264120,เครื่องเจียรไร้สาย
1730269023731026472,เครื่องเจียรไร้สาย
1730405892146497773,เครื่องเจียรไร้สาย
1730589848634821588,เครื่องเจียรไร้สาย
1730434900781992227,เครื่องเจียรไร้สาย
1730771617927694430,เครื่องเจียรไร้สาย
5714873506,สว่าน + ไขควงกระแทก
5778622945,สว่าน + ไขควงกระแทก
5293037747,สว่าน + ไขควงกระแทก
5339269473,สว่าน + ไขควงกระแทก
396660251,สว่าน + ไขควงกระแทก
4888980639,สว่าน + ไขควงกระแทก
5535391918,สว่าน + ไขควงกระแทก
5298257542,สว่าน + ไขควงกระแทก
28967081561,สว่าน + ไขควงกระแทก
29708242475,สว่าน + ไขควงกระแทก
26625363774,สว่าน + ไขควงกระแทก
25157562384,สว่าน + ไขควงกระแทก
28867078421,สว่าน + ไขควงกระแทก
29166312406,สว่าน + ไขควงกระแทก
22558206258,สว่าน + ไขควงกระแทก
28758246972,สว่าน + ไขควงกระแทก
29051167446,สว่าน + ไขควงกระแทก
7751304671,สว่าน + ไขควงกระแทก
25185333935,สว่าน + ไขควงกระแทก
29817142314,สว่าน + ไขควงกระแทก
26908221626,สว่าน + ไขควงกระแทก
28418120640,สว่าน + ไขควงกระแทก
29509121274,สว่าน + ไขควงกระแทก
2265982687,สว่าน + ไขควงกระแทก
27109786802,สว่าน + ไขควงกระแทก
25858308353,สว่าน + ไขควงกระแทก
26813962729,สว่าน + ไขควงกระแทก
26679422680,สว่าน + ไขควงกระแทก
41955301574,สว่าน + ไขควงกระแทก
27784861788,สว่าน + ไขควงกระแทก
26935420523,สว่าน + ไขควงกระแทก
26612574302,สว่าน + ไขควงกระแทก
7153568553,สว่าน + ไขควงกระแทก
40802270212,สว่าน + ไขควงกระแทก
27560024946,สว่าน + ไขควงกระแทก
27267616668,สว่าน + ไขควงกระแทก
3757464285,สว่าน + ไขควงกระแทก
41355330493,สว่าน + ไขควงกระแทก
40107830862,สว่าน + ไขควงกระแทก
27158772940,สว่าน + ไขควงกระแทก
42075900028,สว่าน + ไขควงกระแทก
40076014902,สว่าน + ไขควงกระแทก
40311579563,สว่าน + ไขควงกระแทก
26207844391,สว่าน + ไขควงกระแทก
28803846375,สว่าน + ไขควงกระแทก
26777736643,สว่าน + ไขควงกระแทก
48500652581,สว่าน + ไขควงกระแทก
57200648334,สว่าน + ไขควงกระแทก
43207099273,สว่าน + ไขควงกระแทก
27140314781,สว่าน + ไขควงกระแทก
1730735759107721819,สว่าน + ไขควงกระแทก
1731787607487973979,สว่าน + ไขควงกระแทก
1729623912910850880,สว่าน + ไขควงกระแทก
1729790586471614543,สว่าน + ไขควงกระแทก
1729620392162724672,สว่าน + ไขควงกระแทก
1731044304203451333,สว่าน + ไขควงกระแทก
1730726814141811314,สว่าน + ไขควงกระแทก
1730735825548642895,สว่าน + ไขควงกระแทก
1730814588131772510,สว่าน + ไขควงกระแทก
1730741762143259467,สว่าน + ไขควงกระแทก
1730833004864375262,สว่าน + ไขควงกระแทก
1730733941666777920,สว่าน + ไขควงกระแทก
1730747040358697940,สว่าน + ไขควงกระแทก
1730747463954828108,สว่าน + ไขควงกระแทก
1731146173844719770,สว่าน + ไขควงกระแทก
1731767816233060508,สว่าน + ไขควงกระแทก
1730492282755451723,สว่าน + ไขควงกระแทก
1731868609213925967,สว่าน + ไขควงกระแทก
1730914284537744203,สว่าน + ไขควงกระแทก
1731406783081515599,สว่าน + ไขควงกระแทก
28171708140,กล่องstack
24991021534,กล่องstack
29122850858,กล่องstack
28273155092,กล่องstack
29522970412,กล่องstack
26723160406,กล่องstack
24890204746,กล่องstack
25740601485,กล่องstack
29773364739,กล่องstack
28975918340,กล่องstack
28773164720,กล่องstack
29573149223,กล่องstack
29022467827,กล่องstack
27924754323,กล่องstack
27022860983,กล่องstack
7996506606,กล่องstack
9014703515,กล่องstack
27077977672,กล่องstack
29777714046,กล่องstack
29373067796,กล่องstack
27922941775,กล่องstack
28974622093,กล่องstack
24190786009,กล่องstack
26627746075,กล่องstack
19620953909,กล่องstack
29824337915,กล่องstack
25842128390,กล่องstack
26074437046,กล่องstack
29675079733,กล่องstack
27527248602,กล่องstack
29775081504,กล่องstack
18716326130,กล่องstack
12185348015,กล่องstack
28672934397,กล่องstack
1731699829401422667,กล่องstack
1731855953241213771,กล่องstack
5245908904,ไฟฉาย
5707822931,ไฟฉาย
5690933412,ไฟฉาย
5707752892,ไฟฉาย
5718270960,ไฟฉาย
5690939340,ไฟฉาย
5592921984,ไฟฉาย
5592947933,ไฟฉาย
5652244163,ไฟฉาย
5592903922,ไฟฉาย
5624302648,ไฟฉาย
5679039086,ไฟฉาย
5666498641,ไฟฉาย
5629981651,ไฟฉาย
5619896128,ไฟฉาย
3102688825,ไฟฉาย
5058309643,ไฟฉาย
4180796294,ไฟฉาย
3576638605,ไฟฉาย
4142979831,ไฟฉาย
5638952188,ไฟฉาย
397900769,ไฟฉาย
5416986526,ไฟฉาย
448452297,ไฟฉาย
3856859033,ไฟฉาย
4875581246,ไฟฉาย
812538761,ไฟฉาย
5617262525,ไฟฉาย
5617351294,ไฟฉาย
5670552372,ไฟฉาย
5617151404,ไฟฉาย
5666574287,ไฟฉาย
5725436895,ไฟฉาย
5705196799,ไฟฉาย
4944270328,ไฟฉาย
5496041174,ไฟฉาย
5593055824,ไฟฉาย
5617245225,ไฟฉาย
3764791027,ไฟฉาย
523762020,ไฟฉาย
5144674967,ไฟฉาย
5624393392,ไฟฉาย
4137469586,ไฟฉาย
5790454038,ไฟฉาย
5932252489,ไฟฉาย
5617160434,ไฟฉาย
5616692016,ไฟฉาย
5452983883,ไฟฉาย
3715013206,ไฟฉาย
2838357425,ไฟฉาย
5781003205,ไฟฉาย
5800987540,ไฟฉาย
5692833493,ไฟฉาย
5284282359,ไฟฉาย
26116562025,ไฟฉาย
27918928123,ไฟฉาย
3893041718,ไฟฉาย
26617048734,ไฟฉาย
18165181108,ไฟฉาย
15204578236,ไฟฉาย
27167059014,ไฟฉาย
27314433178,ไฟฉาย
28566549526,ไฟฉาย
25938541288,ไฟฉาย
27167834707,ไฟฉาย
26017026191,ไฟฉาย
24587980875,ไฟฉาย
26314845472,ไฟฉาย
44255551876,ไฟฉาย
19404677902,ไฟฉาย
18465906332,ไฟฉาย
3065687694,ไฟฉาย
22550231896,ไฟฉาย
20991272118,ไฟฉาย
9965438643,ไฟฉาย
13884031781,ไฟฉาย
6009229819,ไฟฉาย
20724974763,ไฟฉาย
16064880413,ไฟฉาย
27468805229,ไฟฉาย
24937501804,ไฟฉาย
24134535348,ไฟฉาย
26365708347,ไฟฉาย
28015771910,ไฟฉาย
23068798649,ไฟฉาย
29922230143,ไฟฉาย
28076610626,ไฟฉาย
28164603773,ไฟฉาย
16076659430,ไฟฉาย
27055398804,ไฟฉาย
26105399170,ไฟฉาย
29921722369,ไฟฉาย
29776571159,ไฟฉาย
25278072626,ไฟฉาย
25371243470,ไฟฉาย
29216988512,ไฟฉาย
29576605808,ไฟฉาย
25491581839,ไฟฉาย
29176636741,ไฟฉาย
27876627854,ไฟฉาย
29776629398,ไฟฉาย
26118155504,ไฟฉาย
28976999989,ไฟฉาย
23565142840,ไฟฉาย
28376648044,ไฟฉาย
27076577798,ไฟฉาย
29461937322,ไฟฉาย
25411978871,ไฟฉาย
29229019242,ไฟฉาย
27720560195,ไฟฉาย
24516951858,ไฟฉาย
28174781296,ไฟฉาย
15565868000,ไฟฉาย
26272258512,ไฟฉาย
27519675387,ไฟฉาย
25838350362,ไฟฉาย
29777665071,ไฟฉาย
27127082296,ไฟฉาย
28826641560,ไฟฉาย
26834041243,ไฟฉาย
27776645276,ไฟฉาย
29164439545,ไฟฉาย
24392274685,ไฟฉาย
25814517432,ไฟฉาย
29625058947,ไฟฉาย
29325054066,ไฟฉาย
27524776795,ไฟฉาย
26334710921,ไฟฉาย
26829941304,ไฟฉาย
29076588458,ไฟฉาย
25391571899,ไฟฉาย
25791593836,ไฟฉาย
26767710731,ไฟฉาย
23681718466,ไฟฉาย
29387105225,ไฟฉาย
28814051933,ไฟฉาย
28322123693,ไฟฉาย
29626704246,ไฟฉาย
28332097916,ไฟฉาย
28081022093,ไฟฉาย
8863084173,ไฟฉาย
29882343001,ไฟฉาย
25326794064,ไฟฉาย
41850087022,ไฟฉาย
29576632096,ไฟฉาย
43258937298,ไฟฉาย
41102045635,ไฟฉาย
42551504043,ไฟฉาย
27777854676,ไฟฉาย
28777702135,ไฟฉาย
27166323918,ไฟฉาย
28438333643,ไฟฉาย
42857302469,ไฟฉาย
29037361959,ไฟฉาย
44102195994,ไฟฉาย
42009430609,ไฟฉาย
29776592407,ไฟฉาย
21665175451,ไฟฉาย
27726641644,ไฟฉาย
17864272390,ไฟฉาย
22441494948,ไฟฉาย
27616497409,ไฟฉาย
54002914536,ไฟฉาย
41911198204,ไฟฉาย
41650291252,ไฟฉาย
26607559453,ไฟฉาย
27686409372,ไฟฉาย
41325174220,ไฟฉาย
26291068345,ไฟฉาย
14711567826,ไฟฉาย
44307294012,ไฟฉาย
26127872787,ไฟฉาย
11107159503,ไฟฉาย
24893520393,ไฟฉาย
26332871518,ไฟฉาย
1730927901788047983,ไฟฉาย
1731199820756585291,ไฟฉาย
1731164021356071503,ไฟฉาย
1731248024573086174,ไฟฉาย
1731233240945888119,ไฟฉาย
1731225880079076195,ไฟฉาย
1729620350917118784,ไฟฉาย
1731187158792768211,ไฟฉาย
1729788990283941967,ไฟฉาย
1729998647115877162,ไฟฉาย
1729788987485816911,ไฟฉาย
1730012565989198405,ไฟฉาย
1730016682885155397,ไฟฉาย
1729719973836851367,ไฟฉาย
1729589993076394662,ไฟฉาย
1729645146311723686,ไฟฉาย
1729672376335371072,ไฟฉาย
1729590003813157104,ไฟฉาย
1730317098555509182,ไฟฉาย
1730317145551112638,ไฟฉาย
1731356791860464339,ไฟฉาย
1730568222229104710,ไฟฉาย
1731310458005392188,ไฟฉาย
1731545656998463834,ไฟฉาย
1729589945945524464,ไฟฉาย
1729766560015878738,ไฟฉาย
1730056785575316179,ไฟฉาย
1729590023965346470,ไฟฉาย
1731659420655716877,ไฟฉาย
1730716220424751698,ไฟฉาย
1731099412667927424,ไฟฉาย
1729789087980488973,ไฟฉาย
1731718440400554050,ไฟฉาย
1731524490270116047,ไฟฉาย
1731718454954855011,ไฟฉาย
1729663134506584369,ไฟฉาย
1731446973752903943,ไฟฉาย
1731774890586573652,ไฟฉาย
1731774874716113208,ไฟฉาย
1731699684899260700,ไฟฉาย
1731467706450806940,ไฟฉาย
1731404201069742385,ไฟฉาย
1729833485667699362,ไฟฉาย
1729760098441136368,ไฟฉาย
1731375203236612631,ไฟฉาย
1729642438658394321,ไฟฉาย
1731863435085450059,ไฟฉาย
1729638787504507537,ไฟฉาย
1731857900512905807,ไฟฉาย
1729721510014847819,ไฟฉาย
1730007353373395211,ไฟฉาย
1731871314459593669,ไฟฉาย
1731857927529466447,ไฟฉาย
1731082014423419483,ไฟฉาย
1731871972060138437,ไฟฉาย
1731865674915023474,ไฟฉาย
1731936082200660176,ไฟฉาย
1729620358137744192,ไฟฉาย
1729574990533724682,ไฟฉาย
1729574993171089930,ไฟฉาย
1732247597969345085,ไฟฉาย
1731867407030651483,ไฟฉาย
1731867176783939678,ไฟฉาย
1731872180816088005,ไฟฉาย
1729579394911209559,ไฟฉาย
1731184657749740352,ไฟฉาย
4477446254,เครื่องดูดฝุ่น
5485595040,เครื่องดูดฝุ่น
4530487921,เครื่องดูดฝุ่น
5702927680,เครื่องดูดฝุ่น
5724847631,เครื่องดูดฝุ่น
5758475753,เครื่องดูดฝุ่น
4985903180,เครื่องดูดฝุ่น
5533847219,เครื่องดูดฝุ่น
5836773869,เครื่องดูดฝุ่น
4867885750,เครื่องดูดฝุ่น
5757471520,เครื่องดูดฝุ่น
5127081292,เครื่องดูดฝุ่น
5788214934,เครื่องดูดฝุ่น
5850354949,เครื่องดูดฝุ่น
5777426030,เครื่องดูดฝุ่น
5156027990,เครื่องดูดฝุ่น
5928446383,เครื่องดูดฝุ่น
5702900473,เครื่องดูดฝุ่น
5485696067,เครื่องดูดฝุ่น
5009424083,เครื่องดูดฝุ่น
5703076241,เครื่องดูดฝุ่น
5786458461,เครื่องดูดฝุ่น
5251473459,เครื่องดูดฝุ่น
5782855905,เครื่องดูดฝุ่น
5728455334,เครื่องดูดฝุ่น
5724636551,เครื่องดูดฝุ่น
5897041927,เครื่องดูดฝุ่น
5897088123,เครื่องดูดฝุ่น
5896424707,เครื่องดูดฝุ่น
5895169973,เครื่องดูดฝุ่น
5892168532,เครื่องดูดฝุ่น
5892219793,เครื่องดูดฝุ่น
5893200667,เครื่องดูดฝุ่น
5870050807,เครื่องดูดฝุ่น
5901392565,เครื่องดูดฝุ่น
5796526692,เครื่องดูดฝุ่น
5784333462,เครื่องดูดฝุ่น
5783110827,เครื่องดูดฝุ่น
5787937324,เครื่องดูดฝุ่น
5783005015,เครื่องดูดฝุ่น
4326432089,เครื่องดูดฝุ่น
5821379251,เครื่องดูดฝุ่น
5450181651,เครื่องดูดฝุ่น
4586140797,เครื่องดูดฝุ่น
4305877547,เครื่องดูดฝุ่น
3529860926,เครื่องดูดฝุ่น
281659738,เครื่องดูดฝุ่น
3906565019,เครื่องดูดฝุ่น
267533006,เครื่องดูดฝุ่น
4177307576,เครื่องดูดฝุ่น
4374277496,เครื่องดูดฝุ่น
5263711225,เครื่องดูดฝุ่น
4821181726,เครื่องดูดฝุ่น
2591177924,เครื่องดูดฝุ่น
4787329813,เครื่องดูดฝุ่น
5167972516,เครื่องดูดฝุ่น
5738227223,เครื่องดูดฝุ่น
784236703,เครื่องดูดฝุ่น
2844848947,เครื่องดูดฝุ่น
4246490985,เครื่องดูดฝุ่น
5802792933,เครื่องดูดฝุ่น
3050129126,เครื่องดูดฝุ่น
5527865753,เครื่องดูดฝุ่น
4699810791,เครื่องดูดฝุ่น
4214861224,เครื่องดูดฝุ่น
4145793052,เครื่องดูดฝุ่น
4512418271,เครื่องดูดฝุ่น
5117704975,เครื่องดูดฝุ่น
24393943034,เครื่องดูดฝุ่น
24174961625,เครื่องดูดฝุ่น
41256209328,เครื่องดูดฝุ่น
44024038846,เครื่องดูดฝุ่น
43558875332,เครื่องดูดฝุ่น
13606719672,เครื่องดูดฝุ่น
40650279327,เครื่องดูดฝุ่น
42158866817,เครื่องดูดฝุ่น
29032838924,เครื่องดูดฝุ่น
29933609506,เครื่องดูดฝุ่น
42006246684,เครื่องดูดฝุ่น
27392479852,เครื่องดูดฝุ่น
44272536058,เครื่องดูดฝุ่น
42772507143,เครื่องดูดฝุ่น
19344047243,เครื่องดูดฝุ่น
26942435826,เครื่องดูดฝุ่น
28533609052,เครื่องดูดฝุ่น
26418940049,เครื่องดูดฝุ่น
29669983177,เครื่องดูดฝุ่น
25811523362,เครื่องดูดฝุ่น
29538182496,เครื่องดูดฝุ่น
25645024077,เครื่องดูดฝุ่น
51150512666,เครื่องดูดฝุ่น
26169152097,เครื่องดูดฝุ่น
27671925883,เครื่องดูดฝุ่น
28669135636,เครื่องดูดฝุ่น
42656711264,เครื่องดูดฝุ่น
26638911329,เครื่องดูดฝุ่น
41505981582,เครื่องดูดฝุ่น
27764151884,เครื่องดูดฝุ่น
48700667747,เครื่องดูดฝุ่น
28272001736,เครื่องดูดฝุ่น
24469650933,เครื่องดูดฝุ่น
24617711701,เครื่องดูดฝุ่น
43823656314,เครื่องดูดฝุ่น
53700805368,เครื่องดูดฝุ่น
28987250258,เครื่องดูดฝุ่น
40908864330,เครื่องดูดฝุ่น
26367694238,เครื่องดูดฝุ่น
20591164422,เครื่องดูดฝุ่น
42772558347,เครื่องดูดฝุ่น
26842515975,เครื่องดูดฝุ่น
25526589512,เครื่องดูดฝุ่น
18490613344,เครื่องดูดฝุ่น
24617716780,เครื่องดูดฝุ่น
29021212956,เครื่องดูดฝุ่น
43823279917,เครื่องดูดฝุ่น
23572577403,เครื่องดูดฝุ่น
25697258869,เครื่องดูดฝุ่น
24788256604,เครื่องดูดฝุ่น
7761113186,เครื่องดูดฝุ่น
29633609391,เครื่องดูดฝุ่น
42306699843,เครื่องดูดฝุ่น
26838756525,เครื่องดูดฝุ่น
43812170605,เครื่องดูดฝุ่น
43707758995,เครื่องดูดฝุ่น
40156705222,เครื่องดูดฝุ่น
23681588233,เครื่องดูดฝุ่น
42515479282,เครื่องดูดฝุ่น
26580373518,เครื่องดูดฝุ่น
43457974956,เครื่องดูดฝุ่น
29967928098,เครื่องดูดฝุ่น
26939660022,เครื่องดูดฝุ่น
26609642470,เครื่องดูดฝุ่น
27633620997,เครื่องดูดฝุ่น
24273642983,เครื่องดูดฝุ่น
25592420392,เครื่องดูดฝุ่น
29526189834,เครื่องดูดฝุ่น
40011173915,เครื่องดูดฝุ่น
41962740012,เครื่องดูดฝุ่น
13326119924,เครื่องดูดฝุ่น
24947309595,เครื่องดูดฝุ่น
42522853300,เครื่องดูดฝุ่น
29192693055,เครื่องดูดฝุ่น
27542525640,เครื่องดูดฝุ่น
45050733201,เครื่องดูดฝุ่น
42521873144,เครื่องดูดฝุ่น
46150810763,เครื่องดูดฝุ่น
24062412561,เครื่องดูดฝุ่น
44168166022,เครื่องดูดฝุ่น
40372199414,เครื่องดูดฝุ่น
28136610584,เครื่องดูดฝุ่น
29916980462,เครื่องดูดฝุ่น
40556196801,เครื่องดูดฝุ่น
42201804472,เครื่องดูดฝุ่น
44900656463,เครื่องดูดฝุ่น
13519572318,เครื่องดูดฝุ่น
7719082655,เครื่องดูดฝุ่น
3262523487,เครื่องดูดฝุ่น
26170784095,เครื่องดูดฝุ่น
1732643231377098331,เครื่องดูดฝุ่น
1731373716798212387,เครื่องดูดฝุ่น
1732698492061058142,เครื่องดูดฝุ่น
1730312716734204747,เครื่องดูดฝุ่น
1732723435101455516,เครื่องดูดฝุ่น
5219353822,เครื่องยิงตะปู
5131699042,เครื่องยิงตะปู
4682060641,เครื่องยิงตะปู
5561492680,เครื่องยิงตะปู
4814760839,เครื่องยิงตะปู
5167788361,เครื่องยิงตะปู
5184880212,เครื่องยิงตะปู
3834090320,เครื่องยิงตะปู
5372306905,เครื่องยิงตะปู
4029112121,เครื่องยิงตะปู
5937736574,เครื่องยิงตะปู
4270849293,เครื่องยิงตะปู
5351670548,เครื่องยิงตะปู
5394870159,เครื่องยิงตะปู
4954544409,เครื่องยิงตะปู
4765610871,เครื่องยิงตะปู
523298854,เครื่องยิงตะปู
5836913751,เครื่องยิงตะปู
4483125715,เครื่องยิงตะปู
4924321248,เครื่องยิงตะปู
4952309655,เครื่องยิงตะปู
5096866099,เครื่องยิงตะปู
4954403761,เครื่องยิงตะปู
4028578470,เครื่องยิงตะปู
1602826372,เครื่องยิงตะปู
5864467772,เครื่องยิงตะปู
29439575092,เครื่องยิงตะปู
40726117372,เครื่องยิงตะปู
51500453131,เครื่องยิงตะปู
41723007714,เครื่องยิงตะปู
41523365332,เครื่องยิงตะปู
27376883496,เครื่องยิงตะปู
44025364336,เครื่องยิงตะปู
45900296552,เครื่องยิงตะปู
43018157916,เครื่องยิงตะปู
40724106684,เครื่องยิงตะปู
43862265045,เครื่องยิงตะปู
27001728296,เครื่องยิงตะปู
27537234588,เครื่องยิงตะปู
29080576259,เครื่องยิงตะปู
41358357947,เครื่องยิงตะปู
27557140126,เครื่องยิงตะปู
5542288419,เครื่องยิงตะปู
10749144094,เครื่องยิงตะปู
29839771963,เครื่องยิงตะปู
9585771634,เครื่องยิงตะปู
56952891383,เครื่องยิงตะปู
44851575783,เครื่องยิงตะปู
57351383841,เครื่องยิงตะปู
40824632532,เครื่องยิงตะปู
43415154777,เครื่องยิงตะปู
40325833615,เครื่องยิงตะปู
41425823584,เครื่องยิงตะปู
41075833562,เครื่องยิงตะปู
53311351117,เครื่องยิงตะปู
40381352378,เครื่องยิงตะปู
50753546786,เครื่องยิงตะปู
48311362693,เครื่องยิงตะปู
52901940358,เครื่องยิงตะปู
52561471397,เครื่องยิงตะปู
1732983128391386703,เครื่องยิงตะปู
1732281431689234034,เครื่องยิงตะปู
1731488807461684412,เครื่องยิงตะปู
18450149769,อัดฉีดไร้สาย
17135982258,อัดฉีดไร้สาย
13209290663,อัดฉีดไร้สาย
21733514554,อัดฉีดไร้สาย
21330648989,อัดฉีดไร้สาย
12679220070,อัดฉีดไร้สาย
11703555963,อัดฉีดไร้สาย
23921479691,อัดฉีดไร้สาย
22030911450,อัดฉีดไร้สาย
18706204727,อัดฉีดไร้สาย
23385901197,อัดฉีดไร้สาย
23187036547,อัดฉีดไร้สาย
21933011122,อัดฉีดไร้สาย
16078863048,อัดฉีดไร้สาย
20747212394,อัดฉีดไร้สาย
16937970892,อัดฉีดไร้สาย
8299356967,อัดฉีดไร้สาย
18046775314,อัดฉีดไร้สาย
22361396200,อัดฉีดไร้สาย
20073000950,อัดฉีดไร้สาย
17896767346,อัดฉีดไร้สาย
9813182614,อัดฉีดไร้สาย
22542238980,อัดฉีดไร้สาย
13133026931,อัดฉีดไร้สาย
22583735656,อัดฉีดไร้สาย
21726025409,อัดฉีดไร้สาย
21882384002,อัดฉีดไร้สาย
17872916219,อัดฉีดไร้สาย
18389327105,อัดฉีดไร้สาย
16998503905,อัดฉีดไร้สาย
16420967762,อัดฉีดไร้สาย
25102678534,อัดฉีดไร้สาย
24213211947,อัดฉีดไร้สาย
24364758093,อัดฉีดไร้สาย
24813425311,อัดฉีดไร้สาย
25563427004,อัดฉีดไร้สาย
25713213228,อัดฉีดไร้สาย
24663483336,อัดฉีดไร้สาย
25713683321,อัดฉีดไร้สาย
25813797855,อัดฉีดไร้สาย
24913518335,อัดฉีดไร้สาย
25013215686,อัดฉีดไร้สาย
24865938702,อัดฉีดไร้สาย
24513213534,อัดฉีดไร้สาย
24714259176,อัดฉีดไร้สาย
25618664235,อัดฉีดไร้สาย
25563469016,อัดฉีดไร้สาย
25614453614,อัดฉีดไร้สาย
25573010757,อัดฉีดไร้สาย
25070731995,อัดฉีดไร้สาย
25069371960,อัดฉีดไร้สาย
24963166535,อัดฉีดไร้สาย
24119462213,อัดฉีดไร้สาย
24113567825,อัดฉีดไร้สาย
20132536352,อัดฉีดไร้สาย
25916732698,อัดฉีดไร้สาย
18042168850,อัดฉีดไร้สาย
25965979710,อัดฉีดไร้สาย
24565595580,อัดฉีดไร้สาย
25611826280,อัดฉีดไร้สาย
25363299199,อัดฉีดไร้สาย
25720320038,อัดฉีดไร้สาย
12697919038,อัดฉีดไร้สาย
22312551391,อัดฉีดไร้สาย
17455685887,อัดฉีดไร้สาย
25220743815,อัดฉีดไร้สาย
22872124927,อัดฉีดไร้สาย
21867990677,อัดฉีดไร้สาย
21968750970,อัดฉีดไร้สาย
14541818625,อัดฉีดไร้สาย
18467263318,อัดฉีดไร้สาย
22002092004,อัดฉีดไร้สาย
10165101536,อัดฉีดไร้สาย
25613568284,อัดฉีดไร้สาย
25765390133,อัดฉีดไร้สาย
25863523352,อัดฉีดไร้สาย
28405408174,อัดฉีดไร้สาย
24033603561,อัดฉีดไร้สาย
18280392230,อัดฉีดไร้สาย
21293003074,อัดฉีดไร้สาย
23047784645,อัดฉีดไร้สาย
29110173490,อัดฉีดไร้สาย
26063482534,อัดฉีดไร้สาย
26309797690,อัดฉีดไร้สาย
28464839676,อัดฉีดไร้สาย
28859305939,อัดฉีดไร้สาย
26518051868,อัดฉีดไร้สาย
17477265270,อัดฉีดไร้สาย
28012226799,อัดฉีดไร้สาย
26062810498,อัดฉีดไร้สาย
28116467742,อัดฉีดไร้สาย
29666691643,อัดฉีดไร้สาย
29655423197,อัดฉีดไร้สาย
24368970354,อัดฉีดไร้สาย
25013226267,อัดฉีดไร้สาย
29611419403,อัดฉีดไร้สาย
27900560837,อัดฉีดไร้สาย
27762261665,อัดฉีดไร้สาย
26208478888,อัดฉีดไร้สาย
24215867923,อัดฉีดไร้สาย
28440486232,อัดฉีดไร้สาย
42165124984,อัดฉีดไร้สาย
43015151754,อัดฉีดไร้สาย
28230389498,อัดฉีดไร้สาย
41414340563,อัดฉีดไร้สาย
29340257567,อัดฉีดไร้สาย
28140289843,อัดฉีดไร้สาย
25297047904,อัดฉีดไร้สาย
27673677415,อัดฉีดไร้สาย
40565135337,อัดฉีดไร้สาย
44265128759,อัดฉีดไร้สาย
1729672021578976210,อัดฉีดไร้สาย
1730011407272807365,อัดฉีดไร้สาย
1729609444140878397,อัดฉีดไร้สาย
1730000061040462415,อัดฉีดไร้สาย
1729636704439076965,อัดฉีดไร้สาย
1729833018360039633,อัดฉีดไร้สาย
1729615512337484293,อัดฉีดไร้สาย
1729615601618946565,อัดฉีดไร้สาย
1730002959433501515,อัดฉีดไร้สาย
1730019639320676955,อัดฉีดไร้สาย
1730003715896805765,อัดฉีดไร้สาย
1730004288154929996,อัดฉีดไร้สาย
1729652536301161291,อัดฉีดไร้สาย
1730076426931899212,อัดฉีดไร้สาย
1730003452120566647,อัดฉีดไร้สาย
1729653947535034595,อัดฉีดไร้สาย
1729511039225333993,อัดฉีดไร้สาย
1729652112080145177,อัดฉีดไร้สาย
1730002797468682866,อัดฉีดไร้สาย
1729429130322283276,อัดฉีดไร้สาย
1730019543926278747,อัดฉีดไร้สาย
1730224896440043687,อัดฉีดไร้สาย
1730064704955779307,อัดฉีดไร้สาย
1730373969710975481,อัดฉีดไร้สาย
1730203106346240997,อัดฉีดไร้สาย
1730090023987743552,อัดฉีดไร้สาย
1730556334106708948,อัดฉีดไร้สาย
1730003465867004185,อัดฉีดไร้สาย
1729435453822568965,อัดฉีดไร้สาย
1729523836930918789,อัดฉีดไร้สาย
1729435573670218354,อัดฉีดไร้สาย
2513599510,ชุดคู่สว่าน+เจียรไร้สาย
13934452610,ชุดคู่สว่าน+เจียรไร้สาย
21928135250,ชุดคู่สว่าน+เจียรไร้สาย
20524005524,ชุดคู่สว่าน+เจียรไร้สาย
20973772386,ชุดคู่สว่าน+เจียรไร้สาย
21855696708,ชุดคู่สว่าน+เจียรไร้สาย
21150289791,ชุดคู่สว่าน+เจียรไร้สาย
19549837434,ชุดคู่สว่าน+เจียรไร้สาย
22570517776,ชุดคู่สว่าน+เจียรไร้สาย
22100928696,ชุดคู่สว่าน+เจียรไร้สาย
23309167913,ชุดคู่สว่าน+เจียรไร้สาย
24552080902,ชุดคู่สว่าน+เจียรไร้สาย
23843079240,ชุดคู่สว่าน+เจียรไร้สาย
22771135041,ชุดคู่สว่าน+เจียรไร้สาย
12335703257,ชุดคู่สว่าน+เจียรไร้สาย
14104269308,ชุดคู่สว่าน+เจียรไร้สาย
20384749251,ชุดคู่สว่าน+เจียรไร้สาย
19772314368,ชุดคู่สว่าน+เจียรไร้สาย
2981555576,ชุดคู่สว่าน+เจียรไร้สาย
20882104717,ชุดคู่สว่าน+เจียรไร้สาย
22101755627,ชุดคู่สว่าน+เจียรไร้สาย
21993656408,ชุดคู่สว่าน+เจียรไร้สาย
21392153024,ชุดคู่สว่าน+เจียรไร้สาย
23645074571,ชุดคู่สว่าน+เจียรไร้สาย
24064588540,ชุดคู่สว่าน+เจียรไร้สาย
25467753657,ชุดคู่สว่าน+เจียรไร้สาย
24469983690,ชุดคู่สว่าน+เจียรไร้สาย
25764414912,ชุดคู่สว่าน+เจียรไร้สาย
24814886377,ชุดคู่สว่าน+เจียรไร้สาย
25219521848,ชุดคู่สว่าน+เจียรไร้สาย
24315483086,ชุดคู่สว่าน+เจียรไร้สาย
18832875974,ชุดคู่สว่าน+เจียรไร้สาย
24615056182,ชุดคู่สว่าน+เจียรไร้สาย
24464591659,ชุดคู่สว่าน+เจียรไร้สาย
29860311023,ชุดคู่สว่าน+เจียรไร้สาย
25079330137,ชุดคู่สว่าน+เจียรไร้สาย
26851166064,ชุดคู่สว่าน+เจียรไร้สาย
24778197132,ชุดคู่สว่าน+เจียรไร้สาย
25414287980,ชุดคู่สว่าน+เจียรไร้สาย
29502093063,ชุดคู่สว่าน+เจียรไร้สาย
25479365629,ชุดคู่สว่าน+เจียรไร้สาย
29956573626,ชุดคู่สว่าน+เจียรไร้สาย
27510173958,ชุดคู่สว่าน+เจียรไร้สาย
25334218903,ชุดคู่สว่าน+เจียรไร้สาย
27906778951,ชุดคู่สว่าน+เจียรไร้สาย
27802994906,ชุดคู่สว่าน+เจียรไร้สาย
25235688953,ชุดคู่สว่าน+เจียรไร้สาย
29854317933,ชุดคู่สว่าน+เจียรไร้สาย
28904392693,ชุดคู่สว่าน+เจียรไร้สาย
29466313705,ชุดคู่สว่าน+เจียรไร้สาย
28475347163,ชุดคู่สว่าน+เจียรไร้สาย
26516620951,ชุดคู่สว่าน+เจียรไร้สาย
24544233401,ชุดคู่สว่าน+เจียรไร้สาย
25644384090,ชุดคู่สว่าน+เจียรไร้สาย
26534748134,ชุดคู่สว่าน+เจียรไร้สาย
26634517843,ชุดคู่สว่าน+เจียรไร้สาย
28084514707,ชุดคู่สว่าน+เจียรไร้สาย
26984546976,ชุดคู่สว่าน+เจียรไร้สาย
26634528109,ชุดคู่สว่าน+เจียรไร้สาย
25794378967,ชุดคู่สว่าน+เจียรไร้สาย
29784697164,ชุดคู่สว่าน+เจียรไร้สาย
27034689893,ชุดคู่สว่าน+เจียรไร้สาย
27834555364,ชุดคู่สว่าน+เจียรไร้สาย
42654007688,ชุดคู่สว่าน+เจียรไร้สาย
27834547839,ชุดคู่สว่าน+เจียรไร้สาย
27435879264,ชุดคู่สว่าน+เจียรไร้สาย
26934395219,ชุดคู่สว่าน+เจียรไร้สาย
26834725833,ชุดคู่สว่าน+เจียรไร้สาย
41751914954,ชุดคู่สว่าน+เจียรไร้สาย
27984555836,ชุดคู่สว่าน+เจียรไร้สาย
43664498683,ชุดคู่สว่าน+เจียรไร้สาย
1729618992247245590,ชุดคู่สว่าน+เจียรไร้สาย
1729636163335063767,ชุดคู่สว่าน+เจียรไร้สาย
1729674001403317202,ชุดคู่สว่าน+เจียรไร้สาย
1730012590874135371,ชุดคู่สว่าน+เจียรไร้สาย
1729589055745788748,ชุดคู่สว่าน+เจียรไร้สาย
1730010817346243151,ชุดคู่สว่าน+เจียรไร้สาย
1730013288925268297,ชุดคู่สว่าน+เจียรไร้สาย
1730226321420028320,ชุดคู่สว่าน+เจียรไร้สาย
1730017355221601046,ชุดคู่สว่าน+เจียรไร้สาย
1729512064994740613,ชุดคู่สว่าน+เจียรไร้สาย
1730014193008872050,ชุดคู่สว่าน+เจียรไร้สาย
1730033159103286213,ชุดคู่สว่าน+เจียรไร้สาย
1730012253614082651,ชุดคู่สว่าน+เจียรไร้สาย
1730530155299375164,ชุดคู่สว่าน+เจียรไร้สาย
1730008039763053135,ชุดคู่สว่าน+เจียรไร้สาย
1730923168790448433,ชุดคู่สว่าน+เจียรไร้สาย
1730011524364077943,ชุดคู่สว่าน+เจียรไร้สาย
29719256109,เลื่อย 11.5
27519048095,เลื่อย 11.5
26119807488,เลื่อย 11.5
29069277269,เลื่อย 11.5
28419436427,เลื่อย 11.5
28269050061,เลื่อย 11.5
26369024317,เลื่อย 11.5
27369014146,เลื่อย 11.5
18880355341,เลื่อย 11.5
25865962826,เลื่อย 11.5
26317079581,เลื่อย 11.5
10129782031,เลื่อย 11.5
26469013677,เลื่อย 11.5
27620999949,เลื่อย 11.5
27019179322,เลื่อย 11.5
27569260474,เลื่อย 11.5
28969312959,เลื่อย 11.5
26671209929,เลื่อย 11.5
28519304958,เลื่อย 11.5
25138848593,เลื่อย 11.5
28919964341,เลื่อย 11.5
27469690179,เลื่อย 11.5
25989160257,เลื่อย 11.5
29672464286,เลื่อย 11.5
29369354527,เลื่อย 11.5
27119257952,เลื่อย 11.5
26469022878,เลื่อย 11.5
26619086567,เลื่อย 11.5
29713313428,เลื่อย 11.5
26619205977,เลื่อย 11.5
28770984188,เลื่อย 11.5
23465029711,เลื่อย 11.5
25187557496,เลื่อย 11.5
28517602163,เลื่อย 11.5
28765672885,เลื่อย 11.5
28364729859,เลื่อย 11.5
24088301484,เลื่อย 11.5
28715018372,เลื่อย 11.5
28667463155,เลื่อย 11.5
28916345084,เลื่อย 11.5
25439596166,เลื่อย 11.5
29367594832,เลื่อย 11.5
28124931251,เลื่อย 11.5
40251948757,เลื่อย 11.5
28436858168,เลื่อย 11.5
40652061140,เลื่อย 11.5
42402055423,เลื่อย 11.5
41152051330,เลื่อย 11.5
44201893366,เลื่อย 11.5
43951903083,เลื่อย 11.5
24045313578,เลื่อย 11.5
41501902472,เลื่อย 11.5
41550303013,เลื่อย 11.5
56550842026,เลื่อย 11.5
27440050235,เลื่อย 11.5
42712800226,เลื่อย 11.5
24345299984,เลื่อย 11.5
42202004471,เลื่อย 11.5
28338299334,เลื่อย 11.5
42851907432,เลื่อย 11.5
42302159555,เลื่อย 11.5
44060521977,เลื่อย 11.5
28390404518,เลื่อย 11.5
28139829790,เลื่อย 11.5
27992665084,แวคคั่ม
29892556064,แวคคั่ม
44222844064,แวคคั่ม
29378473392,แวคคั่ม
43525371340,แวคคั่ม
29292560987,แวคคั่ม
24670357750,แวคคั่ม
19717576031,แวคคั่ม
41223117349,แวคคั่ม
42722855733,แวคคั่ม
24893259746,แวคคั่ม
43673193983,แวคคั่ม
42572759526,แวคคั่ม
43072883259,แวคคั่ม
43722887554,แวคคั่ม
26042581176,แวคคั่ม
43673107769,แวคคั่ม
42172852113,แวคคั่ม
42272758206,แวคคั่ม
29293507534,แวคคั่ม
42523005582,แวคคั่ม
43200734295,แวคคั่ม
44154218965,แวคคั่ม
25513701195,เป่าใบไม้ไร้สาย
24022369648,เป่าใบไม้ไร้สาย
25865667759,เป่าใบไม้ไร้สาย
25366327464,เป่าใบไม้ไร้สาย
24215877136,เป่าใบไม้ไร้สาย
24115936347,เป่าใบไม้ไร้สาย
24316382725,เป่าใบไม้ไร้สาย
24150026544,เป่าใบไม้ไร้สาย
25652075709,เป่าใบไม้ไร้สาย
24816851244,เป่าใบไม้ไร้สาย
24922623886,เป่าใบไม้ไร้สาย
18854757600,เป่าใบไม้ไร้สาย
19367490066,เป่าใบไม้ไร้สาย
24124181015,เป่าใบไม้ไร้สาย
25813132015,เป่าใบไม้ไร้สาย
24264258869,เป่าใบไม้ไร้สาย
14129933413,เป่าใบไม้ไร้สาย
15294179486,เป่าใบไม้ไร้สาย
25762750078,เป่าใบไม้ไร้สาย
23778954349,เป่าใบไม้ไร้สาย
6486909064,เป่าใบไม้ไร้สาย
19691052146,เป่าใบไม้ไร้สาย
25462819091,เป่าใบไม้ไร้สาย
8886226050,เป่าใบไม้ไร้สาย
24666467094,เป่าใบไม้ไร้สาย
21095507371,เป่าใบไม้ไร้สาย
8555369478,เป่าใบไม้ไร้สาย
25723505592,เป่าใบไม้ไร้สาย
21290461656,เป่าใบไม้ไร้สาย
23761749286,เป่าใบไม้ไร้สาย
20186587503,เป่าใบไม้ไร้สาย
22426607247,เป่าใบไม้ไร้สาย
13614575449,เป่าใบไม้ไร้สาย
5359338673,เป่าใบไม้ไร้สาย
23950789700,เป่าใบไม้ไร้สาย
12297904767,เป่าใบไม้ไร้สาย
8248229434,เป่าใบไม้ไร้สาย
19595523861,เป่าใบไม้ไร้สาย
17095386409,เป่าใบไม้ไร้สาย
12586377203,เป่าใบไม้ไร้สาย
24661410760,เป่าใบไม้ไร้สาย
24567634655,เป่าใบไม้ไร้สาย
24213800330,เป่าใบไม้ไร้สาย
22516622006,เป่าใบไม้ไร้สาย
21082095581,เป่าใบไม้ไร้สาย
18354825081,เป่าใบไม้ไร้สาย
18695530504,เป่าใบไม้ไร้สาย
17908199985,เป่าใบไม้ไร้สาย
23520183022,เป่าใบไม้ไร้สาย
15362977432,เป่าใบไม้ไร้สาย
4777167224,เป่าใบไม้ไร้สาย
20764866859,เป่าใบไม้ไร้สาย
17278391563,เป่าใบไม้ไร้สาย
6948891621,เป่าใบไม้ไร้สาย
4445451113,เป่าใบไม้ไร้สาย
28650922915,เป่าใบไม้ไร้สาย
8199220111,เป่าใบไม้ไร้สาย
15787623748,เป่าใบไม้ไร้สาย
25131762125,เป่าใบไม้ไร้สาย
25123847903,เป่าใบไม้ไร้สาย
25069793700,เป่าใบไม้ไร้สาย
25926165600,เป่าใบไม้ไร้สาย
25680885819,เป่าใบไม้ไร้สาย
24220560240,เป่าใบไม้ไร้สาย
24079905040,เป่าใบไม้ไร้สาย
24417490147,เป่าใบไม้ไร้สาย
26303065228,เป่าใบไม้ไร้สาย
26753161466,เป่าใบไม้ไร้สาย
24181999066,เป่าใบไม้ไร้สาย
27112208086,เป่าใบไม้ไร้สาย
28706780442,เป่าใบไม้ไร้สาย
20282118481,เป่าใบไม้ไร้สาย
29809644042,เป่าใบไม้ไร้สาย
29067077427,เป่าใบไม้ไร้สาย
24785681763,เป่าใบไม้ไร้สาย
27456761077,เป่าใบไม้ไร้สาย
24564590610,เป่าใบไม้ไร้สาย
27161492028,เป่าใบไม้ไร้สาย
25618455487,เป่าใบไม้ไร้สาย
24640843370,เป่าใบไม้ไร้สาย
24165427383,เป่าใบไม้ไร้สาย
29556743617,เป่าใบไม้ไร้สาย
29009615542,เป่าใบไม้ไร้สาย
28114432501,เป่าใบไม้ไร้สาย
24265191256,เป่าใบไม้ไร้สาย
27112583877,เป่าใบไม้ไร้สาย
25589870997,เป่าใบไม้ไร้สาย
25015877032,เป่าใบไม้ไร้สาย
24638025440,เป่าใบไม้ไร้สาย
24291400461,เป่าใบไม้ไร้สาย
27771843464,เป่าใบไม้ไร้สาย
24032452265,เป่าใบไม้ไร้สาย
29133013395,เป่าใบไม้ไร้สาย
27975281536,เป่าใบไม้ไร้สาย
24695429088,เป่าใบไม้ไร้สาย
29674011941,เป่าใบไม้ไร้สาย
29337136608,เป่าใบไม้ไร้สาย
27132992388,เป่าใบไม้ไร้สาย
28179033166,เป่าใบไม้ไร้สาย
26287141577,เป่าใบไม้ไร้สาย
26675267141,เป่าใบไม้ไร้สาย
29383797793,เป่าใบไม้ไร้สาย
26926677788,เป่าใบไม้ไร้สาย
29483803060,เป่าใบไม้ไร้สาย
27228627263,เป่าใบไม้ไร้สาย
26132992688,เป่าใบไม้ไร้สาย
29237078749,เป่าใบไม้ไร้สาย
22428145883,เป่าใบไม้ไร้สาย
1729614798605093381,เป่าใบไม้ไร้สาย
1729817528491084009,เป่าใบไม้ไร้สาย
1730034025772059227,เป่าใบไม้ไร้สาย
1730032420445391691,เป่าใบไม้ไร้สาย
1729576644441180786,เป่าใบไม้ไร้สาย
1730040596919585655,เป่าใบไม้ไร้สาย
1729983764471581266,เป่าใบไม้ไร้สาย
1729634592889342584,เป่าใบไม้ไร้สาย
1730027400984234610,เป่าใบไม้ไร้สาย
1729653741459835723,เป่าใบไม้ไร้สาย
1729744063999346915,เป่าใบไม้ไร้สาย
1730033157880843205,เป่าใบไม้ไร้สาย
1729817609904294754,เป่าใบไม้ไร้สาย
1729668807547587133,เป่าใบไม้ไร้สาย
1730075775165631382,เป่าใบไม้ไร้สาย
1729815409559243035,เป่าใบไม้ไร้สาย
1730357273346214545,เป่าใบไม้ไร้สาย
1730031793946790520,เป่าใบไม้ไร้สาย
1730663474647566858,เป่าใบไม้ไร้สาย
1729817605777099545,เป่าใบไม้ไร้สาย
1729582090933668514,เป่าใบไม้ไร้สาย
1730142249478621502,เป่าใบไม้ไร้สาย
1729711521492274108,เป่าใบไม้ไร้สาย
1730414289956801103,เป่าใบไม้ไร้สาย
1730865143524329566,เป่าใบไม้ไร้สาย
1730390195006573524,เป่าใบไม้ไร้สาย
1730145676421401202,เป่าใบไม้ไร้สาย
1729581713991960586,เป่าใบไม้ไร้สาย
1729634614835383115,เป่าใบไม้ไร้สาย
1729550473488730786,เป่าใบไม้ไร้สาย
5690833903,กรรไกรตัดกิ่งไร้สาย
5255006592,กรรไกรตัดกิ่งไร้สาย
5258344851,กรรไกรตัดกิ่งไร้สาย
4831340816,กรรไกรตัดกิ่งไร้สาย
4883795248,กรรไกรตัดกิ่งไร้สาย
5784227157,กรรไกรตัดกิ่งไร้สาย
5782913603,กรรไกรตัดกิ่งไร้สาย
5782154025,กรรไกรตัดกิ่งไร้สาย
5034902617,กรรไกรตัดกิ่งไร้สาย
5404414439,กรรไกรตัดกิ่งไร้สาย
5531956585,กรรไกรตัดกิ่งไร้สาย
4407028104,กรรไกรตัดกิ่งไร้สาย
5605211462,กรรไกรตัดกิ่งไร้สาย
5718262017,กรรไกรตัดกิ่งไร้สาย
5034695003,กรรไกรตัดกิ่งไร้สาย
22849469037,กรรไกรตัดกิ่งไร้สาย
19783175826,กรรไกรตัดกิ่งไร้สาย
19895199020,กรรไกรตัดกิ่งไร้สาย
20477871278,กรรไกรตัดกิ่งไร้สาย
22654765206,กรรไกรตัดกิ่งไร้สาย
20440577591,กรรไกรตัดกิ่งไร้สาย
25502085113,กรรไกรตัดกิ่งไร้สาย
23381498850,กรรไกรตัดกิ่งไร้สาย
20981910187,กรรไกรตัดกิ่งไร้สาย
20783152979,กรรไกรตัดกิ่งไร้สาย
20653791515,กรรไกรตัดกิ่งไร้สาย
16189035002,กรรไกรตัดกิ่งไร้สาย
23056303076,กรรไกรตัดกิ่งไร้สาย
17644804772,กรรไกรตัดกิ่งไร้สาย
15649544263,กรรไกรตัดกิ่งไร้สาย
23883737106,กรรไกรตัดกิ่งไร้สาย
23678003446,กรรไกรตัดกิ่งไร้สาย
22640818385,กรรไกรตัดกิ่งไร้สาย
21055147387,กรรไกรตัดกิ่งไร้สาย
20480919647,กรรไกรตัดกิ่งไร้สาย
23012265806,กรรไกรตัดกิ่งไร้สาย
22162710694,กรรไกรตัดกิ่งไร้สาย
24910610524,กรรไกรตัดกิ่งไร้สาย
22277768652,กรรไกรตัดกิ่งไร้สาย
24758603677,กรรไกรตัดกิ่งไร้สาย
24701177642,กรรไกรตัดกิ่งไร้สาย
25161960104,กรรไกรตัดกิ่งไร้สาย
24108341612,กรรไกรตัดกิ่งไร้สาย
24911734384,กรรไกรตัดกิ่งไร้สาย
23823234670,กรรไกรตัดกิ่งไร้สาย
17921008603,กรรไกรตัดกิ่งไร้สาย
7894798850,กรรไกรตัดกิ่งไร้สาย
14298390492,กรรไกรตัดกิ่งไร้สาย
13899950133,กรรไกรตัดกิ่งไร้สาย
25719857242,กรรไกรตัดกิ่งไร้สาย
24509496134,กรรไกรตัดกิ่งไร้สาย
24968950211,กรรไกรตัดกิ่งไร้สาย
25863972562,กรรไกรตัดกิ่งไร้สาย
20192234510,กรรไกรตัดกิ่งไร้สาย
25859909173,กรรไกรตัดกิ่งไร้สาย
25663976774,กรรไกรตัดกิ่งไร้สาย
19887509052,กรรไกรตัดกิ่งไร้สาย
25369604179,กรรไกรตัดกิ่งไร้สาย
9997318866,กรรไกรตัดกิ่งไร้สาย
24559744090,กรรไกรตัดกิ่งไร้สาย
24358880636,กรรไกรตัดกิ่งไร้สาย
24415848712,กรรไกรตัดกิ่งไร้สาย
23745498185,กรรไกรตัดกิ่งไร้สาย
20746005986,กรรไกรตัดกิ่งไร้สาย
19370281175,กรรไกรตัดกิ่งไร้สาย
3397945176,กรรไกรตัดกิ่งไร้สาย
24310703059,กรรไกรตัดกิ่งไร้สาย
25027915864,กรรไกรตัดกิ่งไร้สาย
24062636704,กรรไกรตัดกิ่งไร้สาย
24128849670,กรรไกรตัดกิ่งไร้สาย
24973749824,กรรไกรตัดกิ่งไร้สาย
22864326223,กรรไกรตัดกิ่งไร้สาย
26300195810,กรรไกรตัดกิ่งไร้สาย
25214237040,กรรไกรตัดกิ่งไร้สาย
27351926781,กรรไกรตัดกิ่งไร้สาย
19890532938,กรรไกรตัดกิ่งไร้สาย
25182010913,กรรไกรตัดกิ่งไร้สาย
28401915920,กรรไกรตัดกิ่งไร้สาย
26007113145,กรรไกรตัดกิ่งไร้สาย
25735706813,กรรไกรตัดกิ่งไร้สาย
28171003185,กรรไกรตัดกิ่งไร้สาย
29360370303,กรรไกรตัดกิ่งไร้สาย
22864847393,กรรไกรตัดกิ่งไร้สาย
26271727050,กรรไกรตัดกิ่งไร้สาย
24043560998,กรรไกรตัดกิ่งไร้สาย
28938527986,กรรไกรตัดกิ่งไร้สาย
44000025089,กรรไกรตัดกิ่งไร้สาย
41306008192,กรรไกรตัดกิ่งไร้สาย
40155836489,กรรไกรตัดกิ่งไร้สาย
28200996566,กรรไกรตัดกิ่งไร้สาย
29109459165,กรรไกรตัดกิ่งไร้สาย
27686702671,กรรไกรตัดกิ่งไร้สาย
27939175231,กรรไกรตัดกิ่งไร้สาย
44409008768,กรรไกรตัดกิ่งไร้สาย
29588540499,กรรไกรตัดกิ่งไร้สาย
42206204574,กรรไกรตัดกิ่งไร้สาย
27883779730,กรรไกรตัดกิ่งไร้สาย
27831836745,กรรไกรตัดกิ่งไร้สาย
27729439949,กรรไกรตัดกิ่งไร้สาย
28177830973,กรรไกรตัดกิ่งไร้สาย
28957851789,กรรไกรตัดกิ่งไร้สาย
28253749366,กรรไกรตัดกิ่งไร้สาย
57151999254,กรรไกรตัดกิ่งไร้สาย
50950590368,กรรไกรตัดกิ่งไร้สาย
40524231190,กรรไกรตัดกิ่งไร้สาย
26881272192,กรรไกรตัดกิ่งไร้สาย
1730061250027555419,กรรไกรตัดกิ่งไร้สาย
1729961755505101426,กรรไกรตัดกิ่งไร้สาย
1729615595883825669,กรรไกรตัดกิ่งไร้สาย
1729979248277686942,กรรไกรตัดกิ่งไร้สาย
1729615285682014736,กรรไกรตัดกิ่งไร้สาย
1729969411900475673,กรรไกรตัดกิ่งไร้สาย
1729714735716993833,กรรไกรตัดกิ่งไร้สาย
1729764530360125643,กรรไกรตัดกิ่งไร้สาย
1729991991718414927,กรรไกรตัดกิ่งไร้สาย
1730299936391269002,กรรไกรตัดกิ่งไร้สาย
1730195568767437470,กรรไกรตัดกิ่งไร้สาย
1730377763110619263,กรรไกรตัดกิ่งไร้สาย
1729964030730799656,กรรไกรตัดกิ่งไร้สาย
1729776530604001852,กรรไกรตัดกิ่งไร้สาย
1730316058400753684,กรรไกรตัดกิ่งไร้สาย
1729796869946706077,กรรไกรตัดกิ่งไร้สาย
1729580215137765765,กรรไกรตัดกิ่งไร้สาย
1730435064997383079,กรรไกรตัดกิ่งไร้สาย
1730545151099374412,กรรไกรตัดกิ่งไร้สาย
1730095046820727616,กรรไกรตัดกิ่งไร้สาย
1730390366729505748,กรรไกรตัดกิ่งไร้สาย
1730201946197559614,กรรไกรตัดกิ่งไร้สาย
1729755114148104279,กรรไกรตัดกิ่งไร้สาย
1730856125618620795,กรรไกรตัดกิ่งไร้สาย
1729435574508161650,กรรไกรตัดกิ่งไร้สาย
1730697146916178225,กรรไกรตัดกิ่งไร้สาย
5728287818,ตัดพุ่มไร้สาย
5729579203,ตัดพุ่มไร้สาย
4505469445,ตัดพุ่มไร้สาย
4544610494,ตัดพุ่มไร้สาย
5625098899,ตัดพุ่มไร้สาย
5475797588,ตัดพุ่มไร้สาย
5625277079,ตัดพุ่มไร้สาย
5079026505,ตัดพุ่มไร้สาย
5594737331,ตัดพุ่มไร้สาย
5724502740,ตัดพุ่มไร้สาย
5649616874,ตัดพุ่มไร้สาย
5569962586,ตัดพุ่มไร้สาย
5567160016,ตัดพุ่มไร้สาย
2768313194,ตัดพุ่มไร้สาย
5830641571,ตัดพุ่มไร้สาย
5626997135,ตัดพุ่มไร้สาย
5745985653,ตัดพุ่มไร้สาย
5281933616,ตัดพุ่มไร้สาย
5087504845,ตัดพุ่มไร้สาย
5788321119,ตัดพุ่มไร้สาย
4453397554,ตัดพุ่มไร้สาย
5348952016,ตัดพุ่มไร้สาย
4362880435,ตัดพุ่มไร้สาย
23880619766,ตัดพุ่มไร้สาย
21801911072,ตัดพุ่มไร้สาย
18893913479,ตัดพุ่มไร้สาย
22848057876,ตัดพุ่มไร้สาย
22549935932,ตัดพุ่มไร้สาย
3988189780,ตัดพุ่มไร้สาย
19284718210,ตัดพุ่มไร้สาย
20292981396,ตัดพุ่มไร้สาย
14083076556,ตัดพุ่มไร้สาย
23365556112,ตัดพุ่มไร้สาย
20691391634,ตัดพุ่มไร้สาย
20191391938,ตัดพุ่มไร้สาย
14389611559,ตัดพุ่มไร้สาย
23172905688,ตัดพุ่มไร้สาย
6103042368,ตัดพุ่มไร้สาย
23385561625,ตัดพุ่มไร้สาย
21847578981,ตัดพุ่มไร้สาย
24600845005,ตัดพุ่มไร้สาย
23058457802,ตัดพุ่มไร้สาย
16870702724,ตัดพุ่มไร้สาย
25802775099,ตัดพุ่มไร้สาย
23988585125,ตัดพุ่มไร้สาย
21761973504,ตัดพุ่มไร้สาย
23555091993,ตัดพุ่มไร้สาย
18334988460,ตัดพุ่มไร้สาย
21046412262,ตัดพุ่มไร้สาย
18094993922,ตัดพุ่มไร้สาย
12355243056,ตัดพุ่มไร้สาย
25063568643,ตัดพุ่มไร้สาย
2984907753,ตัดพุ่มไร้สาย
23531100024,ตัดพุ่มไร้สาย
24813698023,ตัดพุ่มไร้สาย
25064989733,ตัดพุ่มไร้สาย
24718361875,ตัดพุ่มไร้สาย
25213437810,ตัดพุ่มไร้สาย
10352236140,ตัดพุ่มไร้สาย
24564439808,ตัดพุ่มไร้สาย
12951373948,ตัดพุ่มไร้สาย
24814283394,ตัดพุ่มไร้สาย
25468040259,ตัดพุ่มไร้สาย
24164276969,ตัดพุ่มไร้สาย
24064268559,ตัดพุ่มไร้สาย
24463703722,ตัดพุ่มไร้สาย
25316329489,ตัดพุ่มไร้สาย
25264504095,ตัดพุ่มไร้สาย
25018361890,ตัดพุ่มไร้สาย
24113665320,ตัดพุ่มไร้สาย
24562134897,ตัดพุ่มไร้สาย
25965769422,ตัดพุ่มไร้สาย
23089693543,ตัดพุ่มไร้สาย
24324179253,ตัดพุ่มไร้สาย
25015147648,ตัดพุ่มไร้สาย
23764239980,ตัดพุ่มไร้สาย
25522848178,ตัดพุ่มไร้สาย
17999906391,ตัดพุ่มไร้สาย
25468953281,ตัดพุ่มไร้สาย
4135204689,ตัดพุ่มไร้สาย
23152250076,ตัดพุ่มไร้สาย
19890691033,ตัดพุ่มไร้สาย
10004237588,ตัดพุ่มไร้สาย
3517495071,ตัดพุ่มไร้สาย
23056451158,ตัดพุ่มไร้สาย
25213549188,ตัดพุ่มไร้สาย
23047509661,ตัดพุ่มไร้สาย
24021245192,ตัดพุ่มไร้สาย
22444084509,ตัดพุ่มไร้สาย
22377914346,ตัดพุ่มไร้สาย
20335258352,ตัดพุ่มไร้สาย
14771265025,ตัดพุ่มไร้สาย
14238358814,ตัดพุ่มไร้สาย
18272792264,ตัดพุ่มไร้สาย
24725768633,ตัดพุ่มไร้สาย
28501178422,ตัดพุ่มไร้สาย
25318978966,ตัดพุ่มไร้สาย
25813527221,ตัดพุ่มไร้สาย
7309546134,ตัดพุ่มไร้สาย
25113567074,ตัดพุ่มไร้สาย
22983749670,ตัดพุ่มไร้สาย
22556782998,ตัดพุ่มไร้สาย
14991302727,ตัดพุ่มไร้สาย
10427364248,ตัดพุ่มไร้สาย
25959354248,ตัดพุ่มไร้สาย
14041825744,ตัดพุ่มไร้สาย
24873106894,ตัดพุ่มไร้สาย
19218472096,ตัดพุ่มไร้สาย
24381962304,ตัดพุ่มไร้สาย
21494250940,ตัดพุ่มไร้สาย
26202378342,ตัดพุ่มไร้สาย
18696011670,ตัดพุ่มไร้สาย
25861390686,ตัดพุ่มไร้สาย
25700550687,ตัดพุ่มไร้สาย
27057482116,ตัดพุ่มไร้สาย
28608482505,ตัดพุ่มไร้สาย
25671064179,ตัดพุ่มไร้สาย
29503111036,ตัดพุ่มไร้สาย
25980733328,ตัดพุ่มไร้สาย
28907068297,ตัดพุ่มไร้สาย
26907148723,ตัดพุ่มไร้สาย
26160026677,ตัดพุ่มไร้สาย
25356663402,ตัดพุ่มไร้สาย
28653767230,ตัดพุ่มไร้สาย
28761487037,ตัดพุ่มไร้สาย
26253394657,ตัดพุ่มไร้สาย
28564440867,ตัดพุ่มไร้สาย
29256950394,ตัดพุ่มไร้สาย
26755545311,ตัดพุ่มไร้สาย
29724921159,ตัดพุ่มไร้สาย
27464968358,ตัดพุ่มไร้สาย
29560312335,ตัดพุ่มไร้สาย
29367048065,ตัดพุ่มไร้สาย
29377424012,ตัดพุ่มไร้สาย
25476039280,ตัดพุ่มไร้สาย
26825826013,ตัดพุ่มไร้สาย
25541880302,ตัดพุ่มไร้สาย
26262571630,ตัดพุ่มไร้สาย
28335293158,ตัดพุ่มไร้สาย
27527584454,ตัดพุ่มไร้สาย
26130126848,ตัดพุ่มไร้สาย
29834218064,ตัดพุ่มไร้สาย
24644991820,ตัดพุ่มไร้สาย
28906949010,ตัดพุ่มไร้สาย
25245142532,ตัดพุ่มไร้สาย
27063557902,ตัดพุ่มไร้สาย
27727679533,ตัดพุ่มไร้สาย
43850389407,ตัดพุ่มไร้สาย
26276126576,ตัดพุ่มไร้สาย
27172485141,ตัดพุ่มไร้สาย
27585596875,ตัดพุ่มไร้สาย
41150021870,ตัดพุ่มไร้สาย
25292031489,ตัดพุ่มไร้สาย
27605248720,ตัดพุ่มไร้สาย
24363696829,ตัดพุ่มไร้สาย
24915591330,ตัดพุ่มไร้สาย
29021839612,ตัดพุ่มไร้สาย
26858139488,ตัดพุ่มไร้สาย
44051626709,ตัดพุ่มไร้สาย
44005838432,ตัดพุ่มไร้สาย
42303393600,ตัดพุ่มไร้สาย
44462238227,ตัดพุ่มไร้สาย
44212086505,ตัดพุ่มไร้สาย
29239544986,ตัดพุ่มไร้สาย
41711866005,ตัดพุ่มไร้สาย
43110537177,ตัดพุ่มไร้สาย
43657748544,ตัดพุ่มไร้สาย
29237140247,ตัดพุ่มไร้สาย
43501954700,ตัดพุ่มไร้สาย
26731491119,ตัดพุ่มไร้สาย
28279476576,ตัดพุ่มไร้สาย
1729670781708372630,ตัดพุ่มไร้สาย
1729485519985150341,ตัดพุ่มไร้สาย
1729601466665503375,ตัดพุ่มไร้สาย
1729670890541123949,ตัดพุ่มไร้สาย
1730008827060128347,ตัดพุ่มไร้สาย
1729711369626683643,ตัดพุ่มไร้สาย
1730030235509296069,ตัดพุ่มไร้สาย
1729588791419046001,ตัดพุ่มไร้สาย
1730011542474558327,ตัดพุ่มไร้สาย
1729730089108277890,ตัดพุ่มไร้สาย
1729736702516103436,ตัดพุ่มไร้สาย
1730027414559623794,ตัดพุ่มไร้สาย
1729672141992070098,ตัดพุ่มไร้สาย
1730009540292938571,ตัดพุ่มไร้สาย
1729689881713740165,ตัดพุ่มไร้สาย
1730004381337553740,ตัดพุ่มไร้สาย
1730010816599853647,ตัดพุ่มไร้สาย
1729641800614578729,ตัดพุ่มไร้สาย
1730049403038304926,ตัดพุ่มไร้สาย
1729670823366331329,ตัดพุ่มไร้สาย
1729754211376466261,ตัดพุ่มไร้สาย
1729641771244685865,ตัดพุ่มไร้สาย
1730049389488343710,ตัดพุ่มไร้สาย
1729636323052980613,ตัดพุ่มไร้สาย
1730291282225564298,ตัดพุ่มไร้สาย
1729594177267599747,ตัดพุ่มไร้สาย
1729958713549883486,ตัดพุ่มไร้สาย
1730255794384112448,ตัดพุ่มไร้สาย
1730368525197937302,ตัดพุ่มไร้สาย
1730116441696209885,ตัดพุ่มไร้สาย
1730382473072774100,ตัดพุ่มไร้สาย
1729987747966781705,ตัดพุ่มไร้สาย
1729774089556298358,ตัดพุ่มไร้สาย
1729590727425428402,ตัดพุ่มไร้สาย
1730737034391357915,ตัดพุ่มไร้สาย
1730483279309933479,ตัดพุ่มไร้สาย
1729428660523666188,ตัดพุ่มไร้สาย
1730743180341250142,ตัดพุ่มไร้สาย
1730429191208864399,ตัดพุ่มไร้สาย
1730807072291064713,ตัดพุ่มไร้สาย
1731404057034131749,ตัดพุ่มไร้สาย
1731353966721206935,ตัดพุ่มไร้สาย
1731159371218061466,ตัดพุ่มไร้สาย
1731586618708560475,ตัดพุ่มไร้สาย
1731056900901275727,ตัดพุ่มไร้สาย
1729772677362846268,ตัดพุ่มไร้สาย
1729778474782657224,ตัดพุ่มไร้สาย
1729656591863024454,ตัดพุ่มไร้สาย
1731035390463412399,ตัดพุ่มไร้สาย
1731277901587319536,ตัดพุ่มไร้สาย
1732152073130576348,ตัดพุ่มไร้สาย
1730377774661142655,ตัดพุ่มไร้สาย
5668476966,เติมลมไร้สาย
5432793258,เติมลมไร้สาย
5431046691,เติมลมไร้สาย
5734796452,เติมลมไร้สาย
5390333598,เติมลมไร้สาย
5406007738,เติมลมไร้สาย
5758649798,เติมลมไร้สาย
4156371669,เติมลมไร้สาย
4717133171,เติมลมไร้สาย
5758657681,เติมลมไร้สาย
5778080135,เติมลมไร้สาย
5390633478,เติมลมไร้สาย
5188399102,เติมลมไร้สาย
5274009137,เติมลมไร้สาย
5395805474,เติมลมไร้สาย
5197903171,เติมลมไร้สาย
5184453548,เติมลมไร้สาย
4544454445,เติมลมไร้สาย
386846847,เติมลมไร้สาย
3067506673,เติมลมไร้สาย
1883496337,เติมลมไร้สาย
24826333429,เติมลมไร้สาย
29104499746,เติมลมไร้สาย
29666115586,เติมลมไร้สาย
24976533519,เติมลมไร้สาย
2643473911,เติมลมไร้สาย
29663751273,เติมลมไร้สาย
26816985239,เติมลมไร้สาย
25487315580,เติมลมไร้สาย
15946019766,เติมลมไร้สาย
24488034163,เติมลมไร้สาย
28620934820,เติมลมไร้สาย
23687803749,เติมลมไร้สาย
27814833144,เติมลมไร้สาย
28325056153,เติมลมไร้สาย
26975052251,เติมลมไร้สาย
26053578448,เติมลมไร้สาย
25672165264,เติมลมไร้สาย
29812227262,เติมลมไร้สาย
27813750008,เติมลมไร้สาย
26671291529,เติมลมไร้สาย
26733525549,เติมลมไร้สาย
28234233537,เติมลมไร้สาย
28628048279,เติมลมไร้สาย
28735634742,เติมลมไร้สาย
26530811494,เติมลมไร้สาย
18063713151,เติมลมไร้สาย
29363902328,เติมลมไร้สาย
26715092304,เติมลมไร้สาย
26325062159,เติมลมไร้สาย
42201643568,เติมลมไร้สาย
29564617840,เติมลมไร้สาย
41250426983,เติมลมไร้สาย
41953200293,เติมลมไร้สาย
29504878910,เติมลมไร้สาย
25428848948,เติมลมไร้สาย
23470368922,เติมลมไร้สาย
21490768329,เติมลมไร้สาย
27616681525,เติมลมไร้สาย
24737342427,เติมลมไร้สาย
12724895580,เติมลมไร้สาย
2813814088,เติมลมไร้สาย
2650851414,เติมลมไร้สาย
1730087021967411511,เติมลมไร้สาย
1729740849165731955,เติมลมไร้สาย
1729778502951995919,เติมลมไร้สาย
1730210249814477111,เติมลมไร้สาย
1731034772620871998,เติมลมไร้สาย
1731068431117552581,เติมลมไร้สาย
1731127163306149967,เติมลมไร้สาย
1731031586777369408,เติมลมไร้สาย
1729782872276043855,เติมลมไร้สาย
1731038279132285771,เติมลมไร้สาย
1729608100965288410,เติมลมไร้สาย
1730050753649871004,เติมลมไร้สาย
1729661063127992757,เติมลมไร้สาย
1730410167330965583,เติมลมไร้สาย
1731601343675075163,เติมลมไร้สาย
1731034611395692671,เติมลมไร้สาย
1731056735885626231,เติมลมไร้สาย
1731091959814327272,เติมลมไร้สาย
1730085207217965664,เติมลมไร้สาย
1729593938378787659,เติมลมไร้สาย
1731099042569750716,เติมลมไร้สาย
1731060618098018930,เติมลมไร้สาย
1731084860465252422,เติมลมไร้สาย
1731429912244488102,เติมลมไร้สาย
2757779878,เครื่องตัดหญ้าไร้สาย
4453271237,เครื่องตัดหญ้าไร้สาย
4528415297,เครื่องตัดหญ้าไร้สาย
4504786152,เครื่องตัดหญ้าไร้สาย
4723657010,เครื่องตัดหญ้าไร้สาย
4704103727,เครื่องตัดหญ้าไร้สาย
4559983152,เครื่องตัดหญ้าไร้สาย
4708006241,เครื่องตัดหญ้าไร้สาย
3552793566,เครื่องตัดหญ้าไร้สาย
4202465374,เครื่องตัดหญ้าไร้สาย
4115943217,เครื่องตัดหญ้าไร้สาย
4692180952,เครื่องตัดหญ้าไร้สาย
4662901894,เครื่องตัดหญ้าไร้สาย
3004980330,เครื่องตัดหญ้าไร้สาย
4694019271,เครื่องตัดหญ้าไร้สาย
4646763834,เครื่องตัดหญ้าไร้สาย
4485136543,เครื่องตัดหญ้าไร้สาย
4687089799,เครื่องตัดหญ้าไร้สาย
4706368656,เครื่องตัดหญ้าไร้สาย
4706262840,เครื่องตัดหญ้าไร้สาย
4143198557,เครื่องตัดหญ้าไร้สาย
2606492273,เครื่องตัดหญ้าไร้สาย
4182054635,เครื่องตัดหญ้าไร้สาย
3809969386,เครื่องตัดหญ้าไร้สาย
4075841846,เครื่องตัดหญ้าไร้สาย
4017855484,เครื่องตัดหญ้าไร้สาย
2735205156,เครื่องตัดหญ้าไร้สาย
4595229093,เครื่องตัดหญ้าไร้สาย
4624432466,เครื่องตัดหญ้าไร้สาย
4698380147,เครื่องตัดหญ้าไร้สาย
4687501038,เครื่องตัดหญ้าไร้สาย
4736406982,เครื่องตัดหญ้าไร้สาย
4694622317,เครื่องตัดหญ้าไร้สาย
2283305288,เครื่องตัดหญ้าไร้สาย
3078333585,เครื่องตัดหญ้าไร้สาย
3511782766,เครื่องตัดหญ้าไร้สาย
4317082044,เครื่องตัดหญ้าไร้สาย
4180706329,เครื่องตัดหญ้าไร้สาย
4181564298,เครื่องตัดหญ้าไร้สาย
4038152066,เครื่องตัดหญ้าไร้สาย
1161342538,เครื่องตัดหญ้าไร้สาย
3856568014,เครื่องตัดหญ้าไร้สาย
5662845774,เครื่องตัดหญ้าไร้สาย
5707684454,เครื่องตัดหญ้าไร้สาย
5443200475,เครื่องตัดหญ้าไร้สาย
5688049352,เครื่องตัดหญ้าไร้สาย
5651975649,เครื่องตัดหญ้าไร้สาย
2352975617,เครื่องตัดหญ้าไร้สาย
5709842447,เครื่องตัดหญ้าไร้สาย
5692654150,เครื่องตัดหญ้าไร้สาย
2775555986,เครื่องตัดหญ้าไร้สาย
5680935613,เครื่องตัดหญ้าไร้สาย
5383102934,เครื่องตัดหญ้าไร้สาย
5361593780,เครื่องตัดหญ้าไร้สาย
5245888545,เครื่องตัดหญ้าไร้สาย
5500549243,เครื่องตัดหญ้าไร้สาย
5774639994,เครื่องตัดหญ้าไร้สาย
5776244465,เครื่องตัดหญ้าไร้สาย
5473974877,เครื่องตัดหญ้าไร้สาย
5625374337,เครื่องตัดหญ้าไร้สาย
5694913620,เครื่องตัดหญ้าไร้สาย
5481647182,เครื่องตัดหญ้าไร้สาย
5774941840,เครื่องตัดหญ้าไร้สาย
5771811887,เครื่องตัดหญ้าไร้สาย
5767818600,เครื่องตัดหญ้าไร้สาย
5767949038,เครื่องตัดหญ้าไร้สาย
5817114668,เครื่องตัดหญ้าไร้สาย
5630669167,เครื่องตัดหญ้าไร้สาย
5817117887,เครื่องตัดหญ้าไร้สาย
5732359623,เครื่องตัดหญ้าไร้สาย
4437149919,เครื่องตัดหญ้าไร้สาย
5288647634,เครื่องตัดหญ้าไร้สาย
5314532698,เครื่องตัดหญ้าไร้สาย
5474582144,เครื่องตัดหญ้าไร้สาย
4826632528,เครื่องตัดหญ้าไร้สาย
5181388875,เครื่องตัดหญ้าไร้สาย
5774851632,เครื่องตัดหญ้าไร้สาย
5804887632,เครื่องตัดหญ้าไร้สาย
5780484328,เครื่องตัดหญ้าไร้สาย
5293402241,เครื่องตัดหญ้าไร้สาย
5263022622,เครื่องตัดหญ้าไร้สาย
5777121783,เครื่องตัดหญ้าไร้สาย
5228519109,เครื่องตัดหญ้าไร้สาย
5793803236,เครื่องตัดหญ้าไร้สาย
5879507965,เครื่องตัดหญ้าไร้สาย
4794440380,เครื่องตัดหญ้าไร้สาย
5645991688,เครื่องตัดหญ้าไร้สาย
4834150776,เครื่องตัดหญ้าไร้สาย
5639305242,เครื่องตัดหญ้าไร้สาย
5665995468,เครื่องตัดหญ้าไร้สาย
3682411721,เครื่องตัดหญ้าไร้สาย
5930538824,เครื่องตัดหญ้าไร้สาย
4460340430,เครื่องตัดหญ้าไร้สาย
16025380611,เครื่องตัดหญ้าไร้สาย
4197637030,เครื่องตัดหญ้าไร้สาย
23628335900,เครื่องตัดหญ้าไร้สาย
18534540974,เครื่องตัดหญ้าไร้สาย
18347606546,เครื่องตัดหญ้าไร้สาย
13118972526,เครื่องตัดหญ้าไร้สาย
9234723582,เครื่องตัดหญ้าไร้สาย
23046484219,เครื่องตัดหญ้าไร้สาย
2974185923,เครื่องตัดหญ้าไร้สาย
5181151687,เครื่องตัดหญ้าไร้สาย
18079633011,เครื่องตัดหญ้าไร้สาย
19952384829,เครื่องตัดหญ้าไร้สาย
20241817138,เครื่องตัดหญ้าไร้สาย
19533922031,เครื่องตัดหญ้าไร้สาย
20305439681,เครื่องตัดหญ้าไร้สาย
8709985727,เครื่องตัดหญ้าไร้สาย
21133458364,เครื่องตัดหญ้าไร้สาย
20226492220,เครื่องตัดหญ้าไร้สาย
23040806724,เครื่องตัดหญ้าไร้สาย
7740273336,เครื่องตัดหญ้าไร้สาย
22666748227,เครื่องตัดหญ้าไร้สาย
15282447197,เครื่องตัดหญ้าไร้สาย
16964145739,เครื่องตัดหญ้าไร้สาย
23139869738,เครื่องตัดหญ้าไร้สาย
12194913257,เครื่องตัดหญ้าไร้สาย
19345125042,เครื่องตัดหญ้าไร้สาย
11017608927,เครื่องตัดหญ้าไร้สาย
8740856041,เครื่องตัดหญ้าไร้สาย
20042403358,เครื่องตัดหญ้าไร้สาย
22271094649,เครื่องตัดหญ้าไร้สาย
5972020724,เครื่องตัดหญ้าไร้สาย
19439195041,เครื่องตัดหญ้าไร้สาย
6555855870,เครื่องตัดหญ้าไร้สาย
22366410413,เครื่องตัดหญ้าไร้สาย
9685484333,เครื่องตัดหญ้าไร้สาย
8555379147,เครื่องตัดหญ้าไร้สาย
22938475070,เครื่องตัดหญ้าไร้สาย
20241816454,เครื่องตัดหญ้าไร้สาย
8980436925,เครื่องตัดหญ้าไร้สาย
23542858460,เครื่องตัดหญ้าไร้สาย
20278207199,เครื่องตัดหญ้าไร้สาย
4793363765,เครื่องตัดหญ้าไร้สาย
22534827187,เครื่องตัดหญ้าไร้สาย
17400253932,เครื่องตัดหญ้าไร้สาย
14790774200,เครื่องตัดหญ้าไร้สาย
20009561499,เครื่องตัดหญ้าไร้สาย
22245267712,เครื่องตัดหญ้าไร้สาย
21189511075,เครื่องตัดหญ้าไร้สาย
21757272725,เครื่องตัดหญ้าไร้สาย
8131623858,เครื่องตัดหญ้าไร้สาย
21460830074,เครื่องตัดหญ้าไร้สาย
8978500374,เครื่องตัดหญ้าไร้สาย
5296658975,เครื่องตัดหญ้าไร้สาย
2974692153,เครื่องตัดหญ้าไร้สาย
17285064286,เครื่องตัดหญ้าไร้สาย
21217125372,เครื่องตัดหญ้าไร้สาย
21154601095,เครื่องตัดหญ้าไร้สาย
20545133179,เครื่องตัดหญ้าไร้สาย
18155268716,เครื่องตัดหญ้าไร้สาย
14449540213,เครื่องตัดหญ้าไร้สาย
9352543125,เครื่องตัดหญ้าไร้สาย
5283274163,เครื่องตัดหญ้าไร้สาย
20083632513,เครื่องตัดหญ้าไร้สาย
23149108613,เครื่องตัดหญ้าไร้สาย
19582202023,เครื่องตัดหญ้าไร้สาย
15297849364,เครื่องตัดหญ้าไร้สาย
13599659529,เครื่องตัดหญ้าไร้สาย
19783056790,เครื่องตัดหญ้าไร้สาย
23349909995,เครื่องตัดหญ้าไร้สาย
21490962511,เครื่องตัดหญ้าไร้สาย
21191184823,เครื่องตัดหญ้าไร้สาย
20582156494,เครื่องตัดหญ้าไร้สาย
23280949746,เครื่องตัดหญ้าไร้สาย
23775714289,เครื่องตัดหญ้าไร้สาย
22975277253,เครื่องตัดหญ้าไร้สาย
21085965230,เครื่องตัดหญ้าไร้สาย
19591351460,เครื่องตัดหญ้าไร้สาย
19493658797,เครื่องตัดหญ้าไร้สาย
23575247922,เครื่องตัดหญ้าไร้สาย
23456367149,เครื่องตัดหญ้าไร้สาย
23384838586,เครื่องตัดหญ้าไร้สาย
22750684919,เครื่องตัดหญ้าไร้สาย
22282301581,เครื่องตัดหญ้าไร้สาย
22049058880,เครื่องตัดหญ้าไร้สาย
21691676367,เครื่องตัดหญ้าไร้สาย
20693011538,เครื่องตัดหญ้าไร้สาย
19086115493,เครื่องตัดหญ้าไร้สาย
15792203102,เครื่องตัดหญ้าไร้สาย
21290237175,เครื่องตัดหญ้าไร้สาย
15999816517,เครื่องตัดหญ้าไร้สาย
21493777895,เครื่องตัดหญ้าไร้สาย
23759151119,เครื่องตัดหญ้าไร้สาย
22850030769,เครื่องตัดหญ้าไร้สาย
19285153726,เครื่องตัดหญ้าไร้สาย
22783028982,เครื่องตัดหญ้าไร้สาย
23575888491,เครื่องตัดหญ้าไร้สาย
25900236505,เครื่องตัดหญ้าไร้สาย
20222150068,เครื่องตัดหญ้าไร้สาย
23779352791,เครื่องตัดหญ้าไร้สาย
23179404002,เครื่องตัดหญ้าไร้สาย
21882366321,เครื่องตัดหญ้าไร้สาย
22870729303,เครื่องตัดหญ้าไร้สาย
23856107662,เครื่องตัดหญ้าไร้สาย
20582290412,เครื่องตัดหญ้าไร้สาย
23760477930,เครื่องตัดหญ้าไร้สาย
23348711853,เครื่องตัดหญ้าไร้สาย
23775815436,เครื่องตัดหญ้าไร้สาย
23652415790,เครื่องตัดหญ้าไร้สาย
18693016645,เครื่องตัดหญ้าไร้สาย
24301685866,เครื่องตัดหญ้าไร้สาย
25201287566,เครื่องตัดหญ้าไร้สาย
23072179896,เครื่องตัดหญ้าไร้สาย
23174357868,เครื่องตัดหญ้าไร้สาย
15899717215,เครื่องตัดหญ้าไร้สาย
20291164568,เครื่องตัดหญ้าไร้สาย
23449690153,เครื่องตัดหญ้าไร้สาย
21182152711,เครื่องตัดหญ้าไร้สาย
25008965154,เครื่องตัดหญ้าไร้สาย
24561814460,เครื่องตัดหญ้าไร้สาย
23274540113,เครื่องตัดหญ้าไร้สาย
25259412861,เครื่องตัดหญ้าไร้สาย
18492131802,เครื่องตัดหญ้าไร้สาย
22663877525,เครื่องตัดหญ้าไร้สาย
25055696824,เครื่องตัดหญ้าไร้สาย
23788584828,เครื่องตัดหญ้าไร้สาย
23644190151,เครื่องตัดหญ้าไร้สาย
22473702089,เครื่องตัดหญ้าไร้สาย
24663661459,เครื่องตัดหญ้าไร้สาย
21847578812,เครื่องตัดหญ้าไร้สาย
23674823824,เครื่องตัดหญ้าไร้สาย
24068389043,เครื่องตัดหญ้าไร้สาย
21195742134,เครื่องตัดหญ้าไร้สาย
18156948936,เครื่องตัดหญ้าไร้สาย
18756936943,เครื่องตัดหญ้าไร้สาย
14298756719,เครื่องตัดหญ้าไร้สาย
24562349609,เครื่องตัดหญ้าไร้สาย
23722021547,เครื่องตัดหญ้าไร้สาย
24614773675,เครื่องตัดหญ้าไร้สาย
12493793594,เครื่องตัดหญ้าไร้สาย
24105638069,เครื่องตัดหญ้าไร้สาย
21378800202,เครื่องตัดหญ้าไร้สาย
25669900654,เครื่องตัดหญ้าไร้สาย
24470928445,เครื่องตัดหญ้าไร้สาย
24914963713,เครื่องตัดหญ้าไร้สาย
25371896744,เครื่องตัดหญ้าไร้สาย
18679492522,เครื่องตัดหญ้าไร้สาย
24519860788,เครื่องตัดหญ้าไร้สาย
25012133532,เครื่องตัดหญ้าไร้สาย
20890529350,เครื่องตัดหญ้าไร้สาย
24222123830,เครื่องตัดหญ้าไร้สาย
27200627411,เครื่องตัดหญ้าไร้สาย
29250535328,เครื่องตัดหญ้าไร้สาย
25930744742,เครื่องตัดหญ้าไร้สาย
27500819842,เครื่องตัดหญ้าไร้สาย
25311821495,เครื่องตัดหญ้าไร้สาย
21784130449,เครื่องตัดหญ้าไร้สาย
19682513034,เครื่องตัดหญ้าไร้สาย
29552234435,เครื่องตัดหญ้าไร้สาย
25181195123,เครื่องตัดหญ้าไร้สาย
24881275186,เครื่องตัดหญ้าไร้สาย
12998816520,เครื่องตัดหญ้าไร้สาย
25822914606,เครื่องตัดหญ้าไร้สาย
26050382938,เครื่องตัดหญ้าไร้สาย
25979177113,เครื่องตัดหญ้าไร้สาย
28550694867,เครื่องตัดหญ้าไร้สาย
21193508865,เครื่องตัดหญ้าไร้สาย
22151911254,เครื่องตัดหญ้าไร้สาย
25132624217,เครื่องตัดหญ้าไร้สาย
18291118365,เครื่องตัดหญ้าไร้สาย
26150874149,เครื่องตัดหญ้าไร้สาย
27603604982,เครื่องตัดหญ้าไร้สาย
26105064812,เครื่องตัดหญ้าไร้สาย
17098234717,เครื่องตัดหญ้าไร้สาย
25626166657,เครื่องตัดหญ้าไร้สาย
26054217106,เครื่องตัดหญ้าไร้สาย
19122590736,เครื่องตัดหญ้าไร้สาย
21077364468,เครื่องตัดหญ้าไร้สาย
26103951731,เครื่องตัดหญ้าไร้สาย
27607969386,เครื่องตัดหญ้าไร้สาย
29958631651,เครื่องตัดหญ้าไร้สาย
29358578844,เครื่องตัดหญ้าไร้สาย
25885056262,เครื่องตัดหญ้าไร้สาย
26753419566,เครื่องตัดหญ้าไร้สาย
28105425443,เครื่องตัดหญ้าไร้สาย
28058912471,เครื่องตัดหญ้าไร้สาย
26309644294,เครื่องตัดหญ้าไร้สาย
28158749641,เครื่องตัดหญ้าไร้สาย
26507217691,เครื่องตัดหญ้าไร้สาย
28604962513,เครื่องตัดหญ้าไร้สาย
26405534199,เครื่องตัดหญ้าไร้สาย
28108565543,เครื่องตัดหญ้าไร้สาย
28607976013,เครื่องตัดหญ้าไร้สาย
29857220229,เครื่องตัดหญ้าไร้สาย
29305050112,เครื่องตัดหญ้าไร้สาย
28507980053,เครื่องตัดหญ้าไร้สาย
28055219077,เครื่องตัดหญ้าไร้สาย
26305447182,เครื่องตัดหญ้าไร้สาย
20991088102,เครื่องตัดหญ้าไร้สาย
24385452063,เครื่องตัดหญ้าไร้สาย
27808742718,เครื่องตัดหญ้าไร้สาย
24183406627,เครื่องตัดหญ้าไร้สาย
29710296833,เครื่องตัดหญ้าไร้สาย
18987611376,เครื่องตัดหญ้าไร้สาย
29959226901,เครื่องตัดหญ้าไร้สาย
27458145043,เครื่องตัดหญ้าไร้สาย
27209634791,เครื่องตัดหญ้าไร้สาย
27008882890,เครื่องตัดหญ้าไร้สาย
29911486832,เครื่องตัดหญ้าไร้สาย
27711736020,เครื่องตัดหญ้าไร้สาย
27561279647,เครื่องตัดหญ้าไร้สาย
27360512786,เครื่องตัดหญ้าไร้สาย
21389959169,เครื่องตัดหญ้าไร้สาย
23122468755,เครื่องตัดหญ้าไร้สาย
17299619525,เครื่องตัดหญ้าไร้สาย
26065635633,เครื่องตัดหญ้าไร้สาย
17996061761,เครื่องตัดหญ้าไร้สาย
29000504995,เครื่องตัดหญ้าไร้สาย
29555051856,เครื่องตัดหญ้าไร้สาย
22964898700,เครื่องตัดหญ้าไร้สาย
28113325775,เครื่องตัดหญ้าไร้สาย
28705504175,เครื่องตัดหญ้าไร้สาย
26505181620,เครื่องตัดหญ้าไร้สาย
28808559077,เครื่องตัดหญ้าไร้สาย
24372131919,เครื่องตัดหญ้าไร้สาย
27226186132,เครื่องตัดหญ้าไร้สาย
24086398333,เครื่องตัดหญ้าไร้สาย
26914666301,เครื่องตัดหญ้าไร้สาย
27463905152,เครื่องตัดหญ้าไร้สาย
28364976185,เครื่องตัดหญ้าไร้สาย
28705920296,เครื่องตัดหญ้าไร้สาย
28260906092,เครื่องตัดหญ้าไร้สาย
27069135530,เครื่องตัดหญ้าไร้สาย
29134888016,เครื่องตัดหญ้าไร้สาย
26850873379,เครื่องตัดหญ้าไร้สาย
24942318546,เครื่องตัดหญ้าไร้สาย
26254939807,เครื่องตัดหญ้าไร้สาย
29301996873,เครื่องตัดหญ้าไร้สาย
28664449227,เครื่องตัดหญ้าไร้สาย
28707357842,เครื่องตัดหญ้าไร้สาย
26175814257,เครื่องตัดหญ้าไร้สาย
27336035337,เครื่องตัดหญ้าไร้สาย
28430481538,เครื่องตัดหญ้าไร้สาย
28132857738,เครื่องตัดหญ้าไร้สาย
29529378345,เครื่องตัดหญ้าไร้สาย
24137573571,เครื่องตัดหญ้าไร้สาย
13409315056,เครื่องตัดหญ้าไร้สาย
24060466490,เครื่องตัดหญ้าไร้สาย
29255440348,เครื่องตัดหญ้าไร้สาย
42001796086,เครื่องตัดหญ้าไร้สาย
25500604760,เครื่องตัดหญ้าไร้สาย
28866668936,เครื่องตัดหญ้าไร้สาย
27412544002,เครื่องตัดหญ้าไร้สาย
28978292623,เครื่องตัดหญ้าไร้สาย
20169484341,เครื่องตัดหญ้าไร้สาย
43303733134,เครื่องตัดหญ้าไร้สาย
25633052983,เครื่องตัดหญ้าไร้สาย
24441244626,เครื่องตัดหญ้าไร้สาย
40603933863,เครื่องตัดหญ้าไร้สาย
27088496411,เครื่องตัดหญ้าไร้สาย
42057544880,เครื่องตัดหญ้าไร้สาย
40307416395,เครื่องตัดหญ้าไร้สาย
40207146043,เครื่องตัดหญ้าไร้สาย
43007003653,เครื่องตัดหญ้าไร้สาย
44456720218,เครื่องตัดหญ้าไร้สาย
27288173634,เครื่องตัดหญ้าไร้สาย
29138088748,เครื่องตัดหญ้าไร้สาย
42006405121,เครื่องตัดหญ้าไร้สาย
42806666697,เครื่องตัดหญ้าไร้สาย
28538055068,เครื่องตัดหญ้าไร้สาย
43806025237,เครื่องตัดหญ้าไร้สาย
40855584145,เครื่องตัดหญ้าไร้สาย
40654809551,เครื่องตัดหญ้าไร้สาย
44304811690,เครื่องตัดหญ้าไร้สาย
26437664022,เครื่องตัดหญ้าไร้สาย
41304744817,เครื่องตัดหญ้าไร้สาย
40654575392,เครื่องตัดหญ้าไร้สาย
40604381359,เครื่องตัดหญ้าไร้สาย
27187484644,เครื่องตัดหญ้าไร้สาย
24688625622,เครื่องตัดหญ้าไร้สาย
27618283852,เครื่องตัดหญ้าไร้สาย
29587774564,เครื่องตัดหญ้าไร้สาย
40505960279,เครื่องตัดหญ้าไร้สาย
28759465575,เครื่องตัดหญ้าไร้สาย
27157782818,เครื่องตัดหญ้าไร้สาย
11617312545,เครื่องตัดหญ้าไร้สาย
44259084327,เครื่องตัดหญ้าไร้สาย
42954765917,เครื่องตัดหญ้าไร้สาย
41812234845,เครื่องตัดหญ้าไร้สาย
43809830106,เครื่องตัดหญ้าไร้สาย
43204074558,เครื่องตัดหญ้าไร้สาย
29663308585,เครื่องตัดหญ้าไร้สาย
53951635512,เครื่องตัดหญ้าไร้สาย
55051437816,เครื่องตัดหญ้าไร้สาย
47700940357,เครื่องตัดหญ้าไร้สาย
53301110576,เครื่องตัดหญ้าไร้สาย
47050276258,เครื่องตัดหญ้าไร้สาย
46350033864,เครื่องตัดหญ้าไร้สาย
1729619755166173826,เครื่องตัดหญ้าไร้สาย
1729452885835811458,เครื่องตัดหญ้าไร้สาย
1729682034659658452,เครื่องตัดหญ้าไร้สาย
1729667773920873051,เครื่องตัดหญ้าไร้สาย
1729647104748849412,เครื่องตัดหญ้าไร้สาย
1729634696209598785,เครื่องตัดหญ้าไร้สาย
1729689564815395703,เครื่องตัดหญ้าไร้สาย
1729630268973877690,เครื่องตัดหญ้าไร้สาย
1729720891345897861,เครื่องตัดหญ้าไร้สาย
1729742695060506929,เครื่องตัดหญ้าไร้สาย
1729745099378952653,เครื่องตัดหญ้าไร้สาย
1729670659259533911,เครื่องตัดหญ้าไร้สาย
1729651406436862594,เครื่องตัดหญ้าไร้สาย
1729713581761989554,เครื่องตัดหญ้าไร้สาย
1729612624872573939,เครื่องตัดหญ้าไร้สาย
1729444791202121961,เครื่องตัดหญ้าไร้สาย
1729794054486263887,เครื่องตัดหญ้าไร้สาย
1729670598821382473,เครื่องตัดหญ้าไร้สาย
1730360548937599956,เครื่องตัดหญ้าไร้สาย
1730317712918481499,เครื่องตัดหญ้าไร้สาย
1729598449367746739,เครื่องตัดหญ้าไร้สาย
1729618756326427277,เครื่องตัดหญ้าไร้สาย
1729956303435958899,เครื่องตัดหญ้าไร้สาย
1730484411334363727,เครื่องตัดหญ้าไร้สาย
1729684073660255186,เครื่องตัดหญ้าไร้สาย
1730327798134311503,เครื่องตัดหญ้าไร้สาย
1730556385247529803,เครื่องตัดหญ้าไร้สาย
1730570322253548485,เครื่องตัดหญ้าไร้สาย
1729673295153892160,เครื่องตัดหญ้าไร้สาย
1730546460138244699,เครื่องตัดหญ้าไร้สาย
1730556296818821963,เครื่องตัดหญ้าไร้สาย
1730372250633735124,เครื่องตัดหญ้าไร้สาย
1730570417919462341,เครื่องตัดหญ้าไร้สาย
1730691562960816966,เครื่องตัดหญ้าไร้สาย
1730390365178727243,เครื่องตัดหญ้าไร้สาย
1730554310224874063,เครื่องตัดหญ้าไร้สาย
1730550781932046408,เครื่องตัดหญ้าไร้สาย
1730556749132761738,เครื่องตัดหญ้าไร้สาย
1730340865356106693,เครื่องตัดหญ้าไร้สาย
1730697864903428798,เครื่องตัดหญ้าไร้สาย
1730697671966362302,เครื่องตัดหญ้าไร้สาย
1730697578533259966,เครื่องตัดหญ้าไร้สาย
1730664766543596222,เครื่องตัดหญ้าไร้สาย
1730664747092445886,เครื่องตัดหญ้าไร้สาย
1730401711567440521,เครื่องตัดหญ้าไร้สาย
1730561224988658644,เครื่องตัดหญ้าไร้สาย
1729757693225240646,เครื่องตัดหญ้าไร้สาย
1730739757208865371,เครื่องตัดหญ้าไร้สาย
1730782283966745419,เครื่องตัดหญ้าไร้สาย
1730410071708044096,เครื่องตัดหญ้าไร้สาย
1730736368273623878,เครื่องตัดหญ้าไร้สาย
1730859267344796126,เครื่องตัดหญ้าไร้สาย
1730900195083717543,เครื่องตัดหญ้าไร้สาย
1730781361733602167,เครื่องตัดหญ้าไร้สาย
1730774714294831695,เครื่องตัดหญ้าไร้สาย
1729760246540044367,เครื่องตัดหญ้าไร้สาย
1729820384394447099,เครื่องตัดหญ้าไร้สาย
1730359554497350147,เครื่องตัดหญ้าไร้สาย
1729829474885339864,เครื่องตัดหญ้าไร้สาย
1730735684132243857,เครื่องตัดหญ้าไร้สาย
1730756659458837425,เครื่องตัดหญ้าไร้สาย
1731390330804276118,เครื่องตัดหญ้าไร้สาย
1730872075000908619,เครื่องตัดหญ้าไร้สาย
1730738108179384414,เครื่องตัดหญ้าไร้สาย
1730663996836383700,เครื่องตัดหญ้าไร้สาย
1730003422786455833,เครื่องตัดหญ้าไร้สาย
1729642343462045797,เครื่องตัดหญ้าไร้สาย
1731885769374730668,เครื่องตัดหญ้าไร้สาย
1730784654126451314,เครื่องตัดหญ้าไร้สาย
1731649992869709426,เครื่องตัดหญ้าไร้สาย
1730327129802181452,เครื่องตัดหญ้าไร้สาย
4469538868,เลื่อยโซ่ไร้สาย
4473186619,เลื่อยโซ่ไร้สาย
4630961046,เลื่อยโซ่ไร้สาย
4473185970,เลื่อยโซ่ไร้สาย
4263891238,เลื่อยโซ่ไร้สาย
4470824247,เลื่อยโซ่ไร้สาย
4302838238,เลื่อยโซ่ไร้สาย
4757260125,เลื่อยโซ่ไร้สาย
4763100096,เลื่อยโซ่ไร้สาย
4158281368,เลื่อยโซ่ไร้สาย
4653266748,เลื่อยโซ่ไร้สาย
4522597781,เลื่อยโซ่ไร้สาย
4127841029,เลื่อยโซ่ไร้สาย
4389441108,เลื่อยโซ่ไร้สาย
4426292374,เลื่อยโซ่ไร้สาย
4135254793,เลื่อยโซ่ไร้สาย
4580061030,เลื่อยโซ่ไร้สาย
4442345882,เลื่อยโซ่ไร้สาย
4566290865,เลื่อยโซ่ไร้สาย
4555874836,เลื่อยโซ่ไร้สาย
2746883964,เลื่อยโซ่ไร้สาย
4135290163,เลื่อยโซ่ไร้สาย
4660146103,เลื่อยโซ่ไร้สาย
4593105757,เลื่อยโซ่ไร้สาย
4514115974,เลื่อยโซ่ไร้สาย
4228748496,เลื่อยโซ่ไร้สาย
4255622637,เลื่อยโซ่ไร้สาย
4322939423,เลื่อยโซ่ไร้สาย
2394949276,เลื่อยโซ่ไร้สาย
4257877605,เลื่อยโซ่ไร้สาย
4770922232,เลื่อยโซ่ไร้สาย
4473624888,เลื่อยโซ่ไร้สาย
4451278497,เลื่อยโซ่ไร้สาย
4762108066,เลื่อยโซ่ไร้สาย
4730598128,เลื่อยโซ่ไร้สาย
4161376546,เลื่อยโซ่ไร้สาย
4653604006,เลื่อยโซ่ไร้สาย
4583559229,เลื่อยโซ่ไร้สาย
4005862857,เลื่อยโซ่ไร้สาย
4672569667,เลื่อยโซ่ไร้สาย
4517918529,เลื่อยโซ่ไร้สาย
4473677794,เลื่อยโซ่ไร้สาย
4685400064,เลื่อยโซ่ไร้สาย
4468563540,เลื่อยโซ่ไร้สาย
4438609860,เลื่อยโซ่ไร้สาย
4769563847,เลื่อยโซ่ไร้สาย
5684545772,เลื่อยโซ่ไร้สาย
5719445901,เลื่อยโซ่ไร้สาย
5704977859,เลื่อยโซ่ไร้สาย
5711140520,เลื่อยโซ่ไร้สาย
5630282181,เลื่อยโซ่ไร้สาย
5619801147,เลื่อยโซ่ไร้สาย
5749797245,เลื่อยโซ่ไร้สาย
5746756535,เลื่อยโซ่ไร้สาย
5231782987,เลื่อยโซ่ไร้สาย
5458079143,เลื่อยโซ่ไร้สาย
5775479539,เลื่อยโซ่ไร้สาย
5705101382,เลื่อยโซ่ไร้สาย
4752205079,เลื่อยโซ่ไร้สาย
5684339286,เลื่อยโซ่ไร้สาย
4988038572,เลื่อยโซ่ไร้สาย
4867117591,เลื่อยโซ่ไร้สาย
5361012556,เลื่อยโซ่ไร้สาย
5809556251,เลื่อยโซ่ไร้สาย
5176428236,เลื่อยโซ่ไร้สาย
5749188789,เลื่อยโซ่ไร้สาย
5749704937,เลื่อยโซ่ไร้สาย
5783415069,เลื่อยโซ่ไร้สาย
5960047998,เลื่อยโซ่ไร้สาย
5949397910,เลื่อยโซ่ไร้สาย
5750851453,เลื่อยโซ่ไร้สาย
5818165071,เลื่อยโซ่ไร้สาย
5774789576,เลื่อยโซ่ไร้สาย
22037457837,เลื่อยโซ่ไร้สาย
18054455146,เลื่อยโซ่ไร้สาย
23502760020,เลื่อยโซ่ไร้สาย
23408233459,เลื่อยโซ่ไร้สาย
18839562220,เลื่อยโซ่ไร้สาย
19955804614,เลื่อยโซ่ไร้สาย
22135090087,เลื่อยโซ่ไร้สาย
11037855934,เลื่อยโซ่ไร้สาย
14452003135,เลื่อยโซ่ไร้สาย
22030303746,เลื่อยโซ่ไร้สาย
11899228207,เลื่อยโซ่ไร้สาย
23205499275,เลื่อยโซ่ไร้สาย
21367429208,เลื่อยโซ่ไร้สาย
9266820657,เลื่อยโซ่ไร้สาย
18439557815,เลื่อยโซ่ไร้สาย
19378830433,เลื่อยโซ่ไร้สาย
18448143202,เลื่อยโซ่ไร้สาย
19914385276,เลื่อยโซ่ไร้สาย
21053663393,เลื่อยโซ่ไร้สาย
19040576088,เลื่อยโซ่ไร้สาย
20174202524,เลื่อยโซ่ไร้สาย
19567489986,เลื่อยโซ่ไร้สาย
23866215383,เลื่อยโซ่ไร้สาย
23022214092,เลื่อยโซ่ไร้สาย
14896024542,เลื่อยโซ่ไร้สาย
23228823959,เลื่อยโซ่ไร้สาย
22971169267,เลื่อยโซ่ไร้สาย
22747832138,เลื่อยโซ่ไร้สาย
21410513495,เลื่อยโซ่ไร้สาย
22528204671,เลื่อยโซ่ไร้สาย
16798216746,เลื่อยโซ่ไร้สาย
13302575347,เลื่อยโซ่ไร้สาย
11106963917,เลื่อยโซ่ไร้สาย
22749226872,เลื่อยโซ่ไร้สาย
22502210721,เลื่อยโซ่ไร้สาย
20119820806,เลื่อยโซ่ไร้สาย
18637267849,เลื่อยโซ่ไร้สาย
13796607255,เลื่อยโซ่ไร้สาย
9870844649,เลื่อยโซ่ไร้สาย
23609589350,เลื่อยโซ่ไร้สาย
21562522263,เลื่อยโซ่ไร้สาย
21057374968,เลื่อยโซ่ไร้สาย
18441766530,เลื่อยโซ่ไร้สาย
8560017329,เลื่อยโซ่ไร้สาย
7987925056,เลื่อยโซ่ไร้สาย
23065595256,เลื่อยโซ่ไร้สาย
22949097638,เลื่อยโซ่ไร้สาย
22769103103,เลื่อยโซ่ไร้สาย
22335707756,เลื่อยโซ่ไร้สาย
21911009200,เลื่อยโซ่ไร้สาย
20782000643,เลื่อยโซ่ไร้สาย
20535756815,เลื่อยโซ่ไร้สาย
20163523021,เลื่อยโซ่ไร้สาย
14228800346,เลื่อยโซ่ไร้สาย
23209590646,เลื่อยโซ่ไร้สาย
21689134008,เลื่อยโซ่ไร้สาย
21563517545,เลื่อยโซ่ไร้สาย
21366708527,เลื่อยโซ่ไร้สาย
18692992949,เลื่อยโซ่ไร้สาย
20642167226,เลื่อยโซ่ไร้สาย
25401476433,เลื่อยโซ่ไร้สาย
23187181450,เลื่อยโซ่ไร้สาย
23478726907,เลื่อยโซ่ไร้สาย
22457071534,เลื่อยโซ่ไร้สาย
25650031928,เลื่อยโซ่ไร้สาย
22554819553,เลื่อยโซ่ไร้สาย
23850267741,เลื่อยโซ่ไร้สาย
22546816726,เลื่อยโซ่ไร้สาย
22876455716,เลื่อยโซ่ไร้สาย
20385928958,เลื่อยโซ่ไร้สาย
19184358532,เลื่อยโซ่ไร้สาย
22177064058,เลื่อยโซ่ไร้สาย
23951461640,เลื่อยโซ่ไร้สาย
22854860282,เลื่อยโซ่ไร้สาย
18292012250,เลื่อยโซ่ไร้สาย
25502246901,เลื่อยโซ่ไร้สาย
24250332227,เลื่อยโซ่ไร้สาย
23077045866,เลื่อยโซ่ไร้สาย
20783051688,เลื่อยโซ่ไร้สาย
20685451450,เลื่อยโซ่ไร้สาย
19891951368,เลื่อยโซ่ไร้สาย
16895900361,เลื่อยโซ่ไร้สาย
25806676569,เลื่อยโซ่ไร้สาย
21082762398,เลื่อยโซ่ไร้สาย
24557390606,เลื่อยโซ่ไร้สาย
25859091203,เลื่อยโซ่ไร้สาย
22635708539,เลื่อยโซ่ไร้สาย
25420187358,เลื่อยโซ่ไร้สาย
24205866307,เลื่อยโซ่ไร้สาย
6159351596,เลื่อยโซ่ไร้สาย
24065585276,เลื่อยโซ่ไร้สาย
24668733081,เลื่อยโซ่ไร้สาย
24513695129,เลื่อยโซ่ไร้สาย
25117534622,เลื่อยโซ่ไร้สาย
24917586981,เลื่อยโซ่ไร้สาย
25769257415,เลื่อยโซ่ไร้สาย
22751337230,เลื่อยโซ่ไร้สาย
24762782129,เลื่อยโซ่ไร้สาย
24664063883,เลื่อยโซ่ไร้สาย
23144410436,เลื่อยโซ่ไร้สาย
24323761392,เลื่อยโซ่ไร้สาย
25020091891,เลื่อยโซ่ไร้สาย
24552284027,เลื่อยโซ่ไร้สาย
17398512530,เลื่อยโซ่ไร้สาย
25024178748,เลื่อยโซ่ไร้สาย
25252107142,เลื่อยโซ่ไร้สาย
24567985650,เลื่อยโซ่ไร้สาย
24903058166,เลื่อยโซ่ไร้สาย
24120002178,เลื่อยโซ่ไร้สาย
21889006048,เลื่อยโซ่ไร้สาย
19185455660,เลื่อยโซ่ไร้สาย
28950592793,เลื่อยโซ่ไร้สาย
22889328064,เลื่อยโซ่ไร้สาย
24868764448,เลื่อยโซ่ไร้สาย
25429779895,เลื่อยโซ่ไร้สาย
24978950615,เลื่อยโซ่ไร้สาย
25227327026,เลื่อยโซ่ไร้สาย
23977095551,เลื่อยโซ่ไร้สาย
22954747827,เลื่อยโซ่ไร้สาย
29801708580,เลื่อยโซ่ไร้สาย
25968977542,เลื่อยโซ่ไร้สาย
25813691907,เลื่อยโซ่ไร้สาย
29601362199,เลื่อยโซ่ไร้สาย
29955246731,เลื่อยโซ่ไร้สาย
26203935471,เลื่อยโซ่ไร้สาย
24730700698,เลื่อยโซ่ไร้สาย
24607401866,เลื่อยโซ่ไร้สาย
29463766997,เลื่อยโซ่ไร้สาย
25926293911,เลื่อยโซ่ไร้สาย
25834508231,เลื่อยโซ่ไร้สาย
25082549144,เลื่อยโซ่ไร้สาย
27612340327,เลื่อยโซ่ไร้สาย
29563580241,เลื่อยโซ่ไร้สาย
22348103846,เลื่อยโซ่ไร้สาย
24807195383,เลื่อยโซ่ไร้สาย
27007176148,เลื่อยโซ่ไร้สาย
28255249085,เลื่อยโซ่ไร้สาย
22072299267,เลื่อยโซ่ไร้สาย
20983848606,เลื่อยโซ่ไร้สาย
22832346602,เลื่อยโซ่ไร้สาย
17897207173,เลื่อยโซ่ไร้สาย
27056670463,เลื่อยโซ่ไร้สาย
26460689461,เลื่อยโซ่ไร้สาย
25485606542,เลื่อยโซ่ไร้สาย
24289132225,เลื่อยโซ่ไร้สาย
25916747348,เลื่อยโซ่ไร้สาย
27560070992,เลื่อยโซ่ไร้สาย
22703189350,เลื่อยโซ่ไร้สาย
25484709762,เลื่อยโซ่ไร้สาย
26906776951,เลื่อยโซ่ไร้สาย
16595157906,เลื่อยโซ่ไร้สาย
28066944983,เลื่อยโซ่ไร้สาย
24471730742,เลื่อยโซ่ไร้สาย
28280384150,เลื่อยโซ่ไร้สาย
29268300103,เลื่อยโซ่ไร้สาย
29480515968,เลื่อยโซ่ไร้สาย
26054585930,เลื่อยโซ่ไร้สาย
29313318540,เลื่อยโซ่ไร้สาย
26419460868,เลื่อยโซ่ไร้สาย
27169009193,เลื่อยโซ่ไร้สาย
28014955948,เลื่อยโซ่ไร้สาย
29481453528,เลื่อยโซ่ไร้สาย
29783946524,เลื่อยโซ่ไร้สาย
24241880957,เลื่อยโซ่ไร้สาย
40701118192,เลื่อยโซ่ไร้สาย
43852065630,เลื่อยโซ่ไร้สาย
26686848282,เลื่อยโซ่ไร้สาย
28280262096,เลื่อยโซ่ไร้สาย
41753516965,เลื่อยโซ่ไร้สาย
28239261923,เลื่อยโซ่ไร้สาย
40360476646,เลื่อยโซ่ไร้สาย
43109277607,เลื่อยโซ่ไร้สาย
42858011996,เลื่อยโซ่ไร้สาย
42756793501,เลื่อยโซ่ไร้สาย
42405993546,เลื่อยโซ่ไร้สาย
43005827123,เลื่อยโซ่ไร้สาย
40555810440,เลื่อยโซ่ไร้สาย
43003075386,เลื่อยโซ่ไร้สาย
40726297405,เลื่อยโซ่ไร้สาย
48900885879,เลื่อยโซ่ไร้สาย
55950577244,เลื่อยโซ่ไร้สาย
42676336725,เลื่อยโซ่ไร้สาย
42373197495,เลื่อยโซ่ไร้สาย
43162591407,เลื่อยโซ่ไร้สาย
1729582853595499013,เลื่อยโซ่ไร้สาย
1729683638020573787,เลื่อยโซ่ไร้สาย
1729654831949581097,เลื่อยโซ่ไร้สาย
1729420537683675916,เลื่อยโซ่ไร้สาย
1729589985407109911,เลื่อยโซ่ไร้สาย
1729569053458270295,เลื่อยโซ่ไร้สาย
1729565655328131863,เลื่อยโซ่ไร้สาย
1730024006275402571,เลื่อยโซ่ไร้สาย
1729852773281205199,เลื่อยโซ่ไร้สาย
1730122542091569743,เลื่อยโซ่ไร้สาย
1729995064826628669,เลื่อยโซ่ไร้สาย
1730206598814665022,เลื่อยโซ่ไร้สาย
1729573171251022466,เลื่อยโซ่ไร้สาย
1730471216479766756,เลื่อยโซ่ไร้สาย
1730068455320619611,เลื่อยโซ่ไร้สาย
1730120175293795269,เลื่อยโซ่ไร้สาย
1729590957828901193,เลื่อยโซ่ไร้สาย
1730393002355230847,เลื่อยโซ่ไร้สาย
1730251144374225285,เลื่อยโซ่ไร้สาย
1730287593649113758,เลื่อยโซ่ไร้สาย
1730224836071884967,เลื่อยโซ่ไร้สาย
1730046320553593423,เลื่อยโซ่ไร้สาย
1730146212753542117,เลื่อยโซ่ไร้สาย
1729685839285815565,เลื่อยโซ่ไร้สาย
1730663572226214479,เลื่อยโซ่ไร้สาย
1729992902668618430,เลื่อยโซ่ไร้สาย
1729794977564690511,เลื่อยโซ่ไร้สาย
1730276666898876642,เลื่อยโซ่ไร้สาย
1729737737403927158,เลื่อยโซ่ไร้สาย
1730364342192605833,เลื่อยโซ่ไร้สาย
1730584146595973728,เลื่อยโซ่ไร้สาย
1730757513036794801,เลื่อยโซ่ไร้สาย
1730064641991412460,เลื่อยโซ่ไร้สาย
1729654965379172612,เลื่อยโซ่ไร้สาย
1729725523131861577,เลื่อยโซ่ไร้สาย
1730042239680088896,เลื่อยโซ่ไร้สาย
1730157206228011102,เลื่อยโซ่ไร้สาย
1731399954678516303,เลื่อยโซ่ไร้สาย
1731509467949337179,เลื่อยโซ่ไร้สาย
1730659766937422432,เลื่อยโซ่ไร้สาย
1731671824579397725,เลื่อยโซ่ไร้สาย
1731398768749283954,เลื่อยโซ่ไร้สาย
1730819749141973396,เลื่อยโซ่ไร้สาย
1729626386424236875,เลื่อยโซ่ไร้สาย
1731030864129133066,เลื่อยโซ่ไร้สาย
1731403241208384375,เลื่อยโซ่ไร้สาย
1730193887728732733,เลื่อยโซ่ไร้สาย
1732013761590101835,เลื่อยโซ่ไร้สาย
1732132192099862107,เลื่อยโซ่ไร้สาย
1731341551896266331,เลื่อยโซ่ไร้สาย
1732025371355284574,เลื่อยโซ่ไร้สาย
5113400869,โบวเวอร์ไร้สาย
5406166140,โบวเวอร์ไร้สาย
5334831953,โบวเวอร์ไร้สาย
5393198418,โบวเวอร์ไร้สาย
4960923785,โบวเวอร์ไร้สาย
5686013747,โบวเวอร์ไร้สาย
5015701638,โบวเวอร์ไร้สาย
5027221547,โบวเวอร์ไร้สาย
5086128743,โบวเวอร์ไร้สาย
5393179654,โบวเวอร์ไร้สาย
4839538152,โบวเวอร์ไร้สาย
4898211604,โบวเวอร์ไร้สาย
23881771915,โบวเวอร์ไร้สาย
19986627076,โบวเวอร์ไร้สาย
22853885102,โบวเวอร์ไร้สาย
19593899590,โบวเวอร์ไร้สาย
25455412841,โบวเวอร์ไร้สาย
23962800953,โบวเวอร์ไร้สาย
19595230437,โบวเวอร์ไร้สาย
20396003269,โบวเวอร์ไร้สาย
24800930988,โบวเวอร์ไร้สาย
14597730795,โบวเวอร์ไร้สาย
25805463183,โบวเวอร์ไร้สาย
8409130805,โบวเวอร์ไร้สาย
23660470627,โบวเวอร์ไร้สาย
21882212438,โบวเวอร์ไร้สาย
20891465128,โบวเวอร์ไร้สาย
20775234371,โบวเวอร์ไร้สาย
25355416971,โบวเวอร์ไร้สาย
12650872179,โบวเวอร์ไร้สาย
19082328059,โบวเวอร์ไร้สาย
8493767296,โบวเวอร์ไร้สาย
6952348587,โบวเวอร์ไร้สาย
22160146260,โบวเวอร์ไร้สาย
22256486650,โบวเวอร์ไร้สาย
4885238481,โบวเวอร์ไร้สาย
14498808785,โบวเวอร์ไร้สาย
4355284859,โบวเวอร์ไร้สาย
21482667103,โบวเวอร์ไร้สาย
21295263169,โบวเวอร์ไร้สาย
14106605012,โบวเวอร์ไร้สาย
22575522664,โบวเวอร์ไร้สาย
25604829285,โบวเวอร์ไร้สาย
23260210856,โบวเวอร์ไร้สาย
23563473156,โบวเวอร์ไร้สาย
21514281468,โบวเวอร์ไร้สาย
22337931983,โบวเวอร์ไร้สาย
20092846206,โบวเวอร์ไร้สาย
18188192554,โบวเวอร์ไร้สาย
18495025520,โบวเวอร์ไร้สาย
18106089393,โบวเวอร์ไร้สาย
17476934818,โบวเวอร์ไร้สาย
23720343156,โบวเวอร์ไร้สาย
10512276214,โบวเวอร์ไร้สาย
25254734763,โบวเวอร์ไร้สาย
25201648076,โบวเวอร์ไร้สาย
24251452529,โบวเวอร์ไร้สาย
23850535748,โบวเวอร์ไร้สาย
4390131247,โบวเวอร์ไร้สาย
22317665078,โบวเวอร์ไร้สาย
21980847483,โบวเวอร์ไร้สาย
23372324188,โบวเวอร์ไร้สาย
19188961175,โบวเวอร์ไร้สาย
14749400780,โบวเวอร์ไร้สาย
20879789238,โบวเวอร์ไร้สาย
19583921734,โบวเวอร์ไร้สาย
19781114898,โบวเวอร์ไร้สาย
23745758764,โบวเวอร์ไร้สาย
23273291055,โบวเวอร์ไร้สาย
19589969962,โบวเวอร์ไร้สาย
23471626049,โบวเวอร์ไร้สาย
21589907182,โบวเวอร์ไร้สาย
18390657477,โบวเวอร์ไร้สาย
12906906913,โบวเวอร์ไร้สาย
25105555993,โบวเวอร์ไร้สาย
25455412847,โบวเวอร์ไร้สาย
24755334912,โบวเวอร์ไร้สาย
23255341959,โบวเวอร์ไร้สาย
25415959792,โบวเวอร์ไร้สาย
18992937783,โบวเวอร์ไร้สาย
25865654829,โบวเวอร์ไร้สาย
24163705016,โบวเวอร์ไร้สาย
25766380371,โบวเวอร์ไร้สาย
25567026351,โบวเวอร์ไร้สาย
25365863238,โบวเวอร์ไร้สาย
25814757385,โบวเวอร์ไร้สาย
24716722299,โบวเวอร์ไร้สาย
24963701538,โบวเวอร์ไร้สาย
24265191459,โบวเวอร์ไร้สาย
24065184796,โบวเวอร์ไร้สาย
24616844048,โบวเวอร์ไร้สาย
25620551843,โบวเวอร์ไร้สาย
24766328577,โบวเวอร์ไร้สาย
24764463648,โบวเวอร์ไร้สาย
25565871511,โบวเวอร์ไร้สาย
24469270072,โบวเวอร์ไร้สาย
24717670437,โบวเวอร์ไร้สาย
25071565995,โบวเวอร์ไร้สาย
24814392681,โบวเวอร์ไร้สาย
25062239783,โบวเวอร์ไร้สาย
16652673262,โบวเวอร์ไร้สาย
24575172079,โบวเวอร์ไร้สาย
18389482533,โบวเวอร์ไร้สาย
24071967060,โบวเวอร์ไร้สาย
24414223786,โบวเวอร์ไร้สาย
24575793038,โบวเวอร์ไร้สาย
24065943970,โบวเวอร์ไร้สาย
25875818805,โบวเวอร์ไร้สาย
24274959328,โบวเวอร์ไร้สาย
25725847403,โบวเวอร์ไร้สาย
25524958089,โบวเวอร์ไร้สาย
24424962286,โบวเวอร์ไร้สาย
25122551477,โบวเวอร์ไร้สาย
24523295591,โบวเวอร์ไร้สาย
24823750633,โบวเวอร์ไร้สาย
26100946719,โบวเวอร์ไร้สาย
25970546830,โบวเวอร์ไร้สาย
24474184585,โบวเวอร์ไร้สาย
24580013272,โบวเวอร์ไร้สาย
24731936736,โบวเวอร์ไร้สาย
24873843354,โบวเวอร์ไร้สาย
25554734944,โบวเวอร์ไร้สาย
15249542851,โบวเวอร์ไร้สาย
21867989852,โบวเวอร์ไร้สาย
19867711237,โบวเวอร์ไร้สาย
10723398220,โบวเวอร์ไร้สาย
5974014456,โบวเวอร์ไร้สาย
20972993881,โบวเวอร์ไร้สาย
7874281004,โบวเวอร์ไร้สาย
24462417571,โบวเวอร์ไร้สาย
16595065017,โบวเวอร์ไร้สาย
24054395986,โบวเวอร์ไร้สาย
22176068760,โบวเวอร์ไร้สาย
24825906531,โบวเวอร์ไร้สาย
24624908898,โบวเวอร์ไร้สาย
2769377061,โบวเวอร์ไร้สาย
20101523792,โบวเวอร์ไร้สาย
22825925985,โบวเวอร์ไร้สาย
21423914414,โบวเวอร์ไร้สาย
21121742087,โบวเวอร์ไร้สาย
2661739523,โบวเวอร์ไร้สาย
21454546276,โบวเวอร์ไร้สาย
7604728503,โบวเวอร์ไร้สาย
27051174149,โบวเวอร์ไร้สาย
24982395458,โบวเวอร์ไร้สาย
27803595872,โบวเวอร์ไร้สาย
25476467662,โบวเวอร์ไร้สาย
25381619349,โบวเวอร์ไร้สาย
24969797422,โบวเวอร์ไร้สาย
24931230083,โบวเวอร์ไร้สาย
24750170074,โบวเวอร์ไร้สาย
27852309447,โบวเวอร์ไร้สาย
24018401147,โบวเวอร์ไร้สาย
25671901582,โบวเวอร์ไร้สาย
24251289784,โบวเวอร์ไร้สาย
24986852735,โบวเวอร์ไร้สาย
27212725903,โบวเวอร์ไร้สาย
29260046980,โบวเวอร์ไร้สาย
29807318283,โบวเวอร์ไร้สาย
29768139575,โบวเวอร์ไร้สาย
26018973193,โบวเวอร์ไร้สาย
25838799676,โบวเวอร์ไร้สาย
27750197496,โบวเวอร์ไร้สาย
27064290369,โบวเวอร์ไร้สาย
25988537100,โบวเวอร์ไร้สาย
26460293136,โบวเวอร์ไร้สาย
27310303151,โบวเวอร์ไร้สาย
25388436419,โบวเวอร์ไร้สาย
25321696901,โบวเวอร์ไร้สาย
25516780775,โบวเวอร์ไร้สาย
6133303398,โบวเวอร์ไร้สาย
25127245621,โบวเวอร์ไร้สาย
24688017115,โบวเวอร์ไร้สาย
24617315320,โบวเวอร์ไร้สาย
29056931401,โบวเวอร์ไร้สาย
29106089102,โบวเวอร์ไร้สาย
26101525994,โบวเวอร์ไร้สาย
29236138065,โบวเวอร์ไร้สาย
27156394266,โบวเวอร์ไร้สาย
29134881196,โบวเวอร์ไร้สาย
28173532745,โบวเวอร์ไร้สาย
27977863631,โบวเวอร์ไร้สาย
29712865515,โบวเวอร์ไร้สาย
26178515372,โบวเวอร์ไร้สาย
28366822657,โบวเวอร์ไร้สาย
27214735889,โบวเวอร์ไร้สาย
42405573116,โบวเวอร์ไร้สาย
42359566598,โบวเวอร์ไร้สาย
43704499735,โบวเวอร์ไร้สาย
42211127773,โบวเวอร์ไร้สาย
27929391918,โบวเวอร์ไร้สาย
43613925843,โบวเวอร์ไร้สาย
44112290971,โบวเวอร์ไร้สาย
27372625492,โบวเวอร์ไร้สาย
44254088519,โบวเวอร์ไร้สาย
42102546819,โบวเวอร์ไร้สาย
1729670660024928918,โบวเวอร์ไร้สาย
1729601200830712599,โบวเวอร์ไร้สาย
1729640805513923217,โบวเวอร์ไร้สาย
1730550007089039848,โบวเวอร์ไร้สาย
1729944245891336822,โบวเวอร์ไร้สาย
1729905740872845885,โบวเวอร์ไร้สาย
1729878365654780641,โบวเวอร์ไร้สาย
1729979319565256924,โบวเวอร์ไร้สาย
1730032383915821899,โบวเวอร์ไร้สาย
1729612856312630091,โบวเวอร์ไร้สาย
1729671998279945170,โบวเวอร์ไร้สาย
1729754492373338453,โบวเวอร์ไร้สาย
1729905994108537474,โบวเวอร์ไร้สาย
1729980870295062917,โบวเวอร์ไร้สาย
1730027367218186866,โบวเวอร์ไร้สาย
1730033235542968872,โบวเวอร์ไร้สาย
1730033140936772549,โบวเวอร์ไร้สาย
1730116131408808076,โบวเวอร์ไร้สาย
1730086720865405570,โบวเวอร์ไร้สาย
1730164067003631718,โบวเวอร์ไร้สาย
1730022789901879887,โบวเวอร์ไร้สาย
1730026389048363840,โบวเวอร์ไร้สาย
1730160405004323486,โบวเวอร์ไร้สาย
1730044961674398346,โบวเวอร์ไร้สาย
1730039015194003526,โบวเวอร์ไร้สาย
1729878318104873951,โบวเวอร์ไร้สาย
1730224910419462311,โบวเวอร์ไร้สาย
1730328718010190728,โบวเวอร์ไร้สาย
1730401309603629705,โบวเวอร์ไร้สาย
1730242843746601649,โบวเวอร์ไร้สาย
1729626772444843005,โบวเวอร์ไร้สาย
1729428059959888479,โบวเวอร์ไร้สาย
1729431178712746163,โบวเวอร์ไร้สาย
1730031801705794168,โบวเวอร์ไร้สาย
1730146409691777342,โบวเวอร์ไร้สาย
1730276916087130762,โบวเวอร์ไร้สาย
1729906005006387669,โบวเวอร์ไร้สาย
1730391470548749277,โบวเวอร์ไร้สาย
1730570309193992783,โบวเวอร์ไร้สาย
1730530153834711100,โบวเวอร์ไร้สาย
1730429890827226023,โบวเวอร์ไร้สาย
1730519669487536517,โบวเวอร์ไร้สาย
1730530153709930556,โบวเวอร์ไร้สาย
1729801219970599145,โบวเวอร์ไร้สาย
1730510020690479592,โบวเวอร์ไร้สาย
1729622951591643968,โบวเวอร์ไร้สาย
1729801348433414937,โบวเวอร์ไร้สาย
1729667225753389307,โบวเวอร์ไร้สาย
1729491341162613125,โบวเวอร์ไร้สาย
1729515247552531212,โบวเวอร์ไร้สาย
1730227960232315449,โบวเวอร์ไร้สาย
1730589792355060692,โบวเวอร์ไร้สาย
1730126150865160332,โบวเวอร์ไร้สาย
1731092697684544211,โบวเวอร์ไร้สาย
1731392372492700060,โบวเวอร์ไร้สาย
1730569382990154739,โบวเวอร์ไร้สาย
1729694418337040798,โบวเวอร์ไร้สาย
1729618408002390405,โบวเวอร์ไร้สาย
1730737525747714142,โบวเวอร์ไร้สาย
1730291645538273374,โบวเวอร์ไร้สาย
1730688147521702559,โบวเวอร์ไร้สาย
1731209117038971034,โบวเวอร์ไร้สาย
1731159253915502746,โบวเวอร์ไร้สาย
1731209121335707802,โบวเวอร์ไร้สาย
1730607177666431281,โบวเวอร์ไร้สาย
1731721287604210422,โบวเวอร์ไร้สาย
42010313519,เลื่อยชัก
51750150925,เลื่อยชัก
44950171147,เลื่อยชัก
41572601627,เลื่อยชัก
40023238177,เลื่อยชัก
43272764050,เลื่อยชัก
27929273446,เลื่อยชัก
11034474759,เลื่อยชัก
41324427751,เลื่อยชัก
20887059927,เลื่อยชัก
51300876415,เลื่อยชัก
26250393112,เลื่อยชัก
26136485097,เลื่อยชัก
18880723874,เลื่อยชัก
40750311918,เลื่อยชัก
24658321493,เลื่อยชัก
25637036762,เลื่อยชัก
26403218614,เลื่อยชัก
28029856590,เลื่อยชัก
44271800233,เลื่อยชัก
41873621664,เลื่อยชัก
1171875085,เลื่อยชัก
41150711378,เลื่อยชัก
43123206024,เลื่อยชัก
27279856487,เลื่อยชัก
42308455177,เลื่อยชัก
53251090572,เลื่อยชัก
27834456358,เลื่อยชัก
27683127281,เลื่อยชัก
40418647306,เลื่อยชัก
28073496051,เลื่อยชัก
40926243255,เลื่อยชัก
55701681144,เลื่อยชัก
29427563098,เลื่อยชัก
23175614757,เลื่อยชัก
43975131133,เลื่อยชัก
48200906103,เลื่อยชัก
40875432007,เลื่อยชัก
29134023216,เลื่อยชัก
28927235150,เลื่อยชัก
28392778099,เลื่อยชัก
24953773049,เลื่อยชัก
25897371180,เลื่อยชัก
17771303623,เลื่อยชัก
3012982447,เลื่อยชัก
27493002664,เลื่อยชัก
25002363009,เลื่อยชัก
27356864092,เลื่อยชัก
24347164444,เลื่อยชัก
26273469329,เลื่อยชัก
27857948089,เลื่อยชัก
40765310848,เลื่อยชัก
42722605821,เลื่อยชัก
41512266755,เลื่อยชัก
28317922379,เลื่อยชัก
29065589119,เลื่อยชัก
27654648256,เลื่อยชัก
44173680911,เลื่อยชัก
24812639916,เลื่อยชัก
41213251530,เลื่อยชัก
28379628459,เลื่อยชัก
25908358273,เลื่อยชัก
20747963997,เลื่อยชัก
20392721159,เลื่อยชัก
22950043705,เลื่อยชัก
12015750472,เลื่อยชัก
8883304959,เลื่อยชัก
18866044408,เลื่อยชัก
21400473087,เลื่อยชัก
9760792853,เลื่อยชัก
29586077410,เลื่อยชัก
24850919766,เลื่อยชัก
21974380303,เลื่อยชัก
44269681216,เลื่อยชัก
26033168788,เลื่อยชัก
18869475429,เลื่อยชัก
26554259136,เลื่อยชัก
16574939098,เลื่อยชัก
25216436104,เลื่อยชัก
3573412390,เลื่อยชัก
5164693916,เลื่อยชัก
27227425197,เลื่อยชัก
3240377470,เลื่อยชัก
23680226112,เลื่อยชัก
42760718526,เลื่อยชัก
6029252341,เลื่อยชัก
25754381854,เลื่อยชัก
42373232475,เลื่อยชัก
26602888047,พัดลมตะแกรง
28155423161,พัดลมตะแกรง
23183593403,พัดลมตะแกรง
22174988746,พัดลมตะแกรง
57406684667,พัดลมตะแกรง
24476087933,พัดลมตะแกรง
19296580115,พัดลมตะแกรง
27594662440,พัดลมตะแกรง
43907153037,พัดลมตะแกรง
28211916694,พัดลมตะแกรง
41658058491,พัดลมตะแกรง
26202714794,พัดลมตะแกรง
26542992952,พัดลมตะแกรง
40678772053,พัดลมตะแกรง
54757946652,พัดลมตะแกรง
53708796003,พัดลมตะแกรง
25845892291,พัดลมตะแกรง
42028659265,พัดลมตะแกรง
57110898045,พัดลมตะแกรง
29753954606,พัดลมตะแกรง
46712315533,พัดลมตะแกรง
29182007471,พัดลมตะแกรง
40728148885,พัดลมตะแกรง
19053668885,พัดลมตะแกรง
41753054645,พัดลมตะแกรง
44107760941,พัดลมตะแกรง
