date,platform,product_id,sold_count
2026-08-03,lazada,2377056833,47700.0
2026-08-03,lazada,2330940580,12700.0
2026-08-03,lazada,2379809765,15600.0
2026-08-03,lazada,1247946026,4900.0
2026-08-03,lazada,4440634363,1000.0
2026-08-03,lazada,2925122494,4500.0
2026-08-03,lazada,4070018923,6700.0
2026-08-03,lazada,4097085186,6000.0
2026-08-03,lazada,1544014133,1200.0
2026-08-03,lazada,2978468168,1600.0
2026-08-03,lazada,2885724498,2100.0
2026-08-03,lazada,4070068426,4600.0
2026-08-03,lazada,3985015970,2400.0
2026-08-03,lazada,3965675404,868.0
2026-08-03,lazada,2519001737,329.0
2026-08-03,lazada,1812042209,6100.0
2026-08-03,lazada,4232169460,474.0
2026-08-03,lazada,4630003756,321.0
2026-08-03,lazada,4698187014,382.0
2026-08-03,lazada,2660814302,344.0
2026-08-03,lazada,274625250,1300.0
2026-08-03,lazada,3905448430,2200.0
2026-08-03,lazada,2885674818,619.0
2026-08-03,lazada,5000352900,409.0
2026-08-03,lazada,4862070785,2600.0
2026-08-03,lazada,4977740787,391.0
2026-08-03,lazada,4978774100,874.0
2026-08-03,lazada,5016262796,1300.0
2026-08-03,lazada,5022694894,29.0
2026-08-03,lazada,5021362991,862.0
2026-08-03,lazada,5021561552,222.0
2026-08-03,lazada,5016161043,126.0
2026-08-03,lazada,4752726551,219.0
2026-08-03,lazada,5014992439,78.0
2026-08-03,lazada,5015103092,44.0
2026-08-03,lazada,5026196264,193.0
2026-08-03,lazada,4967734121,384.0
2026-08-03,lazada,5021407811,92.0
2026-08-03,lazada,4691600605,80.0
2026-08-03,lazada,3942659362,5000.0
2026-08-03,lazada,5022564437,5600.0
2026-08-03,lazada,5017365875,2700.0
2026-08-03,lazada,4627509438,7400.0
2026-08-03,lazada,4780919056,150.0
2026-08-03,lazada,5076801430,823.0
2026-08-03,lazada,4171899998,3400.0
2026-08-03,lazada,5077003411,1400.0
2026-08-03,lazada,4173591662,1100.0
2026-08-03,lazada,5077791057,620.0
2026-08-03,lazada,5066136197,191.0
2026-08-03,lazada,5077703915,2600.0
2026-08-03,lazada,5109391566,2800.0
2026-08-03,lazada,5142751485,5700.0
2026-08-03,lazada,5040297169,4200.0
2026-08-03,lazada,4755053742,1000.0
2026-08-03,lazada,2894418616,822.0
2026-08-03,lazada,4671690119,556.0
2026-08-03,lazada,4969930852,1800.0
2026-08-03,lazada,4984708611,795.0
2026-08-03,lazada,5047444138,428.0
2026-08-03,lazada,4409911899,574.0
2026-08-03,lazada,5109459693,511.0
2026-08-03,lazada,4922038314,3800.0
2026-08-03,lazada,5109454528,137.0
2026-08-03,lazada,5111331480,14700.0
2026-08-03,lazada,5148080631,852.0
2026-08-03,lazada,5015141121,200.0
2026-08-03,lazada,4746024888,585.0
2026-08-03,lazada,3719251158,532.0
2026-08-03,lazada,5154759601,51.0
2026-08-03,lazada,5151714964,35.0
2026-08-03,lazada,3303144071,139.0
2026-08-03,lazada,5093831513,19.0
2026-08-03,lazada,3918486156,106.0
2026-08-03,lazada,4331764294,81.0
2026-08-03,lazada,4598812487,13700.0
2026-08-03,lazada,5182188737,2700.0
2026-08-03,lazada,5109516335,318.0
2026-08-03,lazada,5066684582,189.0
2026-08-03,lazada,5030626374,78.0
2026-08-03,lazada,4876718906,1400.0
2026-08-03,lazada,5145803734,1300.0
2026-08-03,lazada,5195053135,1400.0
2026-08-03,lazada,1081924146,2300.0
2026-08-03,lazada,4903970258,110.0
2026-08-03,lazada,5189365903,176.0
2026-08-03,lazada,5142628017,86.0
2026-08-03,lazada,3853207861,240.0
2026-08-03,lazada,5263606699,2200.0
2026-08-03,lazada,5015053723,1800.0
2026-08-03,lazada,5500876836,15.0
2026-08-03,lazada,5514263272,17.0
2026-08-03,lazada,5086992024,63.0
2026-08-03,lazada,5298671407,331.0
2026-08-03,lazada,5383164474,79.0
2026-08-03,lazada,5373426917,7900.0
2026-08-03,lazada,5403014692,3300.0
2026-08-03,lazada,5401469130,613.0
2026-08-03,lazada,5458348325,116.0
2026-08-03,lazada,5496494041,403.0
2026-08-03,lazada,5442777347,288.0
2026-08-03,lazada,5440974428,336.0
2026-08-03,lazada,3084639318,67.0
2026-08-03,lazada,4997888839,6.0
2026-08-03,lazada,5292170797,670.0
2026-08-03,lazada,5336975986,5200.0
2026-08-03,lazada,5010146240,289.0
2026-08-03,lazada,5150899137,2400.0
2026-08-03,lazada,5286958309,176.0
2026-08-03,lazada,5255125005,339.0
2026-08-03,lazada,5365849350,237.0
2026-08-03,lazada,5401105360,1200.0
2026-08-03,lazada,5364859617,1400.0
2026-08-03,lazada,5521994362,54.0
2026-08-03,lazada,5519842928,142.0
2026-08-03,lazada,5422985857,1400.0
2026-08-03,lazada,5530224257,235.0
2026-08-03,lazada,5509686735,700.0
2026-08-03,lazada,5508834751,3400.0
2026-08-03,lazada,5501556034,160.0
2026-08-03,lazada,5557613232,172.0
2026-08-03,lazada,5473658987,74.0
2026-08-03,lazada,5392054635,715.0
2026-08-03,lazada,5394554192,614.0
2026-08-03,lazada,5394523308,178.0
2026-08-03,lazada,5337143299,357.0
2026-08-03,lazada,5391948860,1200.0
2026-08-03,lazada,5391965877,212.0
2026-08-03,lazada,4452004490,139.0
2026-08-03,lazada,3343494493,2500.0
2026-08-03,lazada,5081103786,717.0
2026-08-03,lazada,5458423368,257.0
2026-08-03,lazada,5340042255,303.0
2026-08-03,lazada,5362150898,10700.0
2026-08-03,lazada,5131417977,2000.0
2026-08-03,lazada,2939142490,597.0
2026-08-03,lazada,5383036706,32.0
2026-08-03,lazada,5277145132,246.0
2026-08-03,lazada,5407759538,73.0
2026-08-03,lazada,5436637158,4600.0
2026-08-03,lazada,5060364221,32.0
2026-08-03,lazada,5381538871,1900.0
2026-08-03,lazada,5598602011,283.0
2026-08-03,lazada,5485176375,131.0
2026-08-03,lazada,5283291173,490.0
2026-08-03,lazada,5339370189,509.0
2026-08-03,lazada,5104423677,16.0
2026-08-03,lazada,5154503391,31.0
2026-08-03,lazada,5171051282,1200.0
2026-08-03,lazada,1611658393,44.0
2026-08-03,lazada,5172004379,520.0
2026-08-03,lazada,5509588872,221.0
2026-08-03,lazada,5043408331,100.0
2026-08-03,lazada,4256740855,164.0
2026-08-03,lazada,2799443650,904.0
2026-08-03,lazada,4256752886,108.0
2026-08-03,lazada,5293804321,224.0
2026-08-03,lazada,5269929977,23.0
2026-08-03,lazada,5713194741,1100.0
2026-08-03,lazada,5087453866,167.0
2026-08-03,lazada,5186351827,18.0
2026-08-03,lazada,5762222446,36.0
2026-08-03,lazada,5024974743,119.0
2026-08-03,lazada,5708248485,2900.0
2026-08-03,lazada,5735842954,70.0
2026-08-03,lazada,5719491809,864.0
2026-08-03,lazada,5630314617,697.0
2026-08-03,lazada,4186117487,157.0
2026-08-03,lazada,5747296607,161.0
2026-08-03,lazada,5484328001,397.0
2026-08-03,lazada,5592071154,92.0
2026-08-03,lazada,2405248700,330.0
2026-08-03,lazada,5757453840,33.0
2026-08-03,lazada,5463007557,508.0
2026-08-03,lazada,5724573466,437.0
2026-08-03,lazada,5075822758,15.0
2026-08-03,lazada,5054063209,43.0
2026-08-03,lazada,5769473073,53.0
2026-08-03,lazada,5746096054,200.0
2026-08-03,lazada,5748259235,36.0
2026-08-03,lazada,5650148438,24.0
2026-08-03,lazada,5508853285,303.0
2026-08-03,lazada,5679044340,620.0
2026-08-03,lazada,5713488229,381.0
2026-08-03,lazada,4949741732,33.0
2026-08-03,lazada,5741143532,326.0
2026-08-03,lazada,5769401348,136.0
2026-08-03,lazada,5739485919,205.0
2026-08-03,lazada,5782072992,120.0
2026-08-03,lazada,5784266067,188.0
2026-08-03,lazada,5776435095,184.0
2026-08-03,lazada,5614199283,79.0
2026-08-03,lazada,5475757355,141.0
2026-08-03,lazada,5855491795,276.0
2026-08-03,lazada,3811461734,138.0
2026-08-03,lazada,5670688558,215.0
2026-08-03,lazada,5856780055,263.0
2026-08-03,lazada,5741787960,73.0
2026-08-03,lazada,5742548722,6.0
2026-08-03,lazada,5501022917,366.0
2026-08-03,lazada,5741849508,579.0
2026-08-03,lazada,5783159535,179.0
2026-08-03,lazada,5098440293,1400.0
2026-08-03,lazada,4671731923,69.0
2026-08-03,lazada,5845817057,18.0
2026-08-03,lazada,5135145059,12.0
2026-08-03,lazada,5750721037,5.0
2026-08-03,lazada,5748097071,53.0
2026-08-03,lazada,5791936153,180.0
2026-08-03,lazada,4960897988,635.0
2026-08-03,lazada,5704996939,1400.0
2026-08-03,lazada,5824751922,41.0
2026-08-03,lazada,5781997710,164.0
2026-08-03,lazada,5815525279,184.0
2026-08-03,lazada,5630368424,26.0
2026-08-03,lazada,5057933855,201.0
2026-08-03,lazada,5570135496,182.0
2026-08-03,lazada,2899286045,526.0
2026-08-03,lazada,5054716681,73.0
2026-08-03,lazada,5784283013,101.0
2026-08-03,lazada,5614187903,1300.0
2026-08-03,lazada,5634125716,61.0
2026-08-03,lazada,5458137478,11.0
2026-08-03,lazada,5784343336,125.0
2026-08-03,lazada,5918076166,256.0
2026-08-03,lazada,5223383925,17.0
2026-08-03,lazada,5978397310,29.0
2026-08-03,lazada,5628441260,732.0
2026-08-03,lazada,5697101758,19.0
2026-08-03,lazada,5908442985,76.0
2026-08-03,lazada,5685710733,391.0
2026-08-03,lazada,5515602177,78.0
2026-08-03,lazada,5715156988,221.0
2026-08-03,lazada,5532244883,32.0
2026-08-03,lazada,5440944648,130.0
2026-08-03,lazada,5501075845,874.0
2026-08-03,lazada,5609029606,127.0
2026-08-03,lazada,5777986846,298.0
2026-08-03,lazada,5782065004,171.0
2026-08-03,lazada,5889384652,329.0
2026-08-03,lazada,5650043602,28.0
2026-08-03,lazada,5617423674,93.0
2026-08-03,lazada,5515409853,64.0
2026-08-03,lazada,5723325519,59.0
2026-08-03,lazada,5354657469,21.0
2026-08-03,lazada,5350165407,6.0
2026-08-03,lazada,5890187481,15.0
2026-08-03,lazada,4873622247,8500.0
2026-08-03,lazada,2491752759,8900.0
2026-08-03,lazada,4818800004,13000.0
2026-08-03,lazada,4121726137,10800.0
2026-08-03,lazada,3727371599,9100.0
2026-08-03,lazada,4233265956,4300.0
2026-08-03,lazada,4027540923,7600.0
2026-08-03,lazada,4172274395,1700.0
2026-08-03,lazada,5014681601,2600.0
2026-08-03,lazada,4979119177,2300.0
2026-08-03,lazada,5036977073,913.0
2026-08-03,lazada,4900531468,1500.0
2026-08-03,lazada,5009056195,4800.0
2026-08-03,lazada,4297879970,435.0
2026-08-03,lazada,5018784439,2100.0
2026-08-03,lazada,5083482588,535.0
2026-08-03,lazada,4982868882,5500.0
2026-08-03,lazada,5019048463,648.0
2026-08-03,lazada,3685773190,645.0
2026-08-03,lazada,5001983578,646.0
2026-08-03,lazada,4973885770,1000.0
2026-08-03,lazada,4890536508,254.0
2026-08-03,lazada,4291120388,4900.0
2026-08-03,lazada,3412800563,2300.0
2026-08-03,lazada,5088994447,96.0
2026-08-03,lazada,4811862414,1200.0
2026-08-03,lazada,3630137541,999.0
2026-08-03,lazada,3418764641,5400.0
2026-08-03,lazada,4900581934,225.0
2026-08-03,lazada,2348024792,1300.0
2026-08-03,lazada,4076721162,678.0
2026-08-03,lazada,2352754111,3700.0
2026-08-03,lazada,2700655555,2000.0
2026-08-03,lazada,5099983185,105.0
2026-08-03,lazada,4830954863,263.0
2026-08-03,lazada,4317192007,699.0
2026-08-03,lazada,1638374354,1300.0
2026-08-03,lazada,3471295875,991.0
2026-08-03,lazada,4904808030,2000.0
2026-08-03,lazada,5114108310,256.0
2026-08-03,lazada,1580500029,1300.0
2026-08-03,lazada,4335490341,491.0
2026-08-03,lazada,5119727312,130.0
2026-08-03,lazada,3522887567,546.0
2026-08-03,lazada,2908311399,847.0
2026-08-03,lazada,1799356933,1600.0
2026-08-03,lazada,5119619912,1200.0
2026-08-03,lazada,3852809824,496.0
2026-08-03,lazada,1667878473,465.0
2026-08-03,lazada,4830826992,322.0
2026-08-03,lazada,3764059853,278.0
2026-08-03,lazada,4706763382,2000.0
2026-08-03,lazada,4896076076,172.0
2026-08-03,lazada,4831042802,1000.0
2026-08-03,lazada,3728677675,6900.0
2026-08-03,lazada,4620250819,570.0
2026-08-03,lazada,4786566151,359.0
2026-08-03,lazada,4968674670,318.0
2026-08-03,lazada,3774533776,1500.0
2026-08-03,lazada,4147761199,1100.0
2026-08-03,lazada,4877100813,418.0
2026-08-03,lazada,3641148437,807.0
2026-08-03,lazada,4924786586,475.0
2026-08-03,lazada,4895604329,546.0
2026-08-03,lazada,4815389854,2500.0
2026-08-03,lazada,4868402995,461.0
2026-08-03,lazada,4276576343,894.0
2026-08-03,lazada,1641014679,1600.0
2026-08-03,lazada,4709957512,464.0
2026-08-03,lazada,4894319641,998.0
2026-08-03,lazada,5027878086,1200.0
2026-08-03,lazada,5085654239,283.0
2026-08-03,lazada,5088519813,2000.0
2026-08-03,lazada,4916118939,354.0
2026-08-03,lazada,2226405012,9700.0
2026-08-03,lazada,5119749207,2000.0
2026-08-03,lazada,3942384279,282.0
2026-08-03,lazada,2710174984,479.0
2026-08-03,lazada,2377469225,3200.0
2026-08-03,lazada,3396189108,491.0
2026-08-03,lazada,4811049782,246.0
2026-08-03,lazada,5029121133,162.0
2026-08-03,lazada,4684728546,98.0
2026-08-03,lazada,4492378620,73.0
2026-08-03,lazada,2378893921,817.0
2026-08-03,lazada,5079710537,180.0
2026-08-03,lazada,5079735458,112.0
2026-08-03,lazada,5079725555,106.0
2026-08-03,lazada,4976443312,559.0
2026-08-03,lazada,4112298939,128.0
2026-08-03,lazada,5098829461,610.0
2026-08-03,lazada,5129228189,1800.0
2026-08-03,lazada,2694781438,732.0
2026-08-03,lazada,4089844896,149.0
2026-08-03,lazada,5137742206,150.0
2026-08-03,lazada,2780902112,195.0
2026-08-03,lazada,4832543435,116.0
2026-08-03,lazada,5114722998,84.0
2026-08-03,lazada,5142489892,32.0
2026-08-03,lazada,5071475210,39.0
2026-08-03,lazada,4917994517,99.0
2026-08-03,lazada,5282571635,165.0
2026-08-03,lazada,5283197252,577.0
2026-08-03,lazada,5198949968,277.0
2026-08-03,lazada,4288289064,227.0
2026-08-03,lazada,5152894070,175.0
2026-08-03,lazada,5289497858,949.0
2026-08-03,lazada,5234797541,246.0
2026-08-03,lazada,3395957979,562.0
2026-08-03,lazada,5199034331,106.0
2026-08-03,lazada,5234861154,84.0
2026-08-03,lazada,5299170265,16.0
2026-08-03,lazada,5130860569,31.0
2026-08-03,lazada,5022603577,74.0
2026-08-03,lazada,5467152433,711.0
2026-08-03,lazada,5485966229,8.0
2026-08-03,lazada,5356971338,7.0
2026-08-03,lazada,5273477051,22.0
2026-08-03,lazada,5495760917,151.0
2026-08-03,lazada,5514203791,114.0
2026-08-03,lazada,5469583126,2000.0
2026-08-03,lazada,5501183089,173.0
2026-08-03,lazada,5317309117,162.0
2026-08-03,lazada,5528399730,8.0
2026-08-03,lazada,4883221676,443.0
2026-08-03,lazada,5467196294,10.0
2026-08-03,lazada,5509676990,1900.0
2026-08-03,lazada,5467229045,1100.0
2026-08-03,lazada,5126784663,101.0
2026-08-03,lazada,5161132840,1700.0
2026-08-03,lazada,4288667739,419.0
2026-08-03,lazada,4288644843,140.0
2026-08-03,lazada,4733570724,452.0
2026-08-03,lazada,4253776968,127.0
2026-08-03,lazada,5509677480,548.0
2026-08-03,lazada,5372397282,597.0
2026-08-03,lazada,5168645569,244.0
2026-08-03,lazada,4720325295,110.0
2026-08-03,lazada,5190867126,47.0
2026-08-03,lazada,5191236342,20.0
2026-08-03,lazada,5126905835,54.0
2026-08-03,lazada,5189054808,1200.0
2026-08-03,lazada,5595306880,81.0
2026-08-03,lazada,5602789032,360.0
2026-08-03,lazada,5514073411,1100.0
2026-08-03,lazada,5448995704,328.0
2026-08-03,lazada,5275617727,176.0
2026-08-03,lazada,4359007348,18.0
2026-08-03,lazada,5560257089,17.0
2026-08-03,lazada,5298392085,34.0
2026-08-03,lazada,4900731012,17.0
2026-08-03,lazada,5515294399,663.0
2026-08-03,lazada,3412613387,99.0
2026-08-03,lazada,5159454827,1900.0
2026-08-03,lazada,5348998579,225.0
2026-08-03,lazada,5470338787,199.0
2026-08-03,lazada,5607651271,35.0
2026-08-03,lazada,5610788284,9.0
2026-08-03,lazada,3862570848,385.0
2026-08-03,lazada,5607742982,314.0
2026-08-03,lazada,5273034234,112.0
2026-08-03,lazada,5602729290,101.0
2026-08-03,lazada,5633316267,210.0
2026-08-03,lazada,5315184679,38.0
2026-08-03,lazada,5630667060,59.0
2026-08-03,lazada,5515825848,79.0
2026-08-03,lazada,2659454333,412.0
2026-08-03,lazada,5594728973,39.0
2026-08-03,lazada,5605543146,16.0
2026-08-03,lazada,5701878065,224.0
2026-08-03,lazada,5630253610,252.0
2026-08-03,lazada,5352605526,2700.0
2026-08-03,lazada,5692981535,333.0
2026-08-03,lazada,5191315044,168.0
2026-08-03,lazada,5528059418,21.0
2026-08-03,lazada,4362942230,9.0
2026-08-03,lazada,5219558441,18.0
2026-08-03,lazada,5595342831,45.0
2026-08-03,lazada,5719468999,61.0
2026-08-03,lazada,5711906773,106.0
2026-08-03,lazada,5225184890,15.0
2026-08-03,lazada,5161150404,16.0
2026-08-03,lazada,5630714081,314.0
2026-08-03,lazada,5637081617,294.0
2026-08-03,lazada,5772300269,163.0
2026-08-03,lazada,5595238518,325.0
2026-08-03,lazada,5654510582,1900.0
2026-08-03,lazada,5283135249,1000.0
2026-08-03,lazada,5121184020,5.0
2026-08-03,lazada,5877448283,48.0
2026-08-03,lazada,5845696998,54.0
2026-08-03,lazada,5121049203,32.0
2026-08-03,lazada,5835641076,52.0
2026-08-03,lazada,5595588069,50.0
2026-08-03,lazada,5629097025,796.0
2026-08-03,lazada,5736991280,125.0
2026-08-03,lazada,5874648403,97.0
2026-08-03,lazada,5904561655,31.0
2026-08-03,lazada,5693924002,777.0
2026-08-03,lazada,5862938494,300.0
2026-08-03,lazada,5796561276,723.0
2026-08-03,lazada,3075012635,1500.0
2026-08-03,lazada,5047098193,808.0
2026-08-03,lazada,5178958750,202.0
2026-08-03,lazada,5292760982,745.0
2026-08-03,lazada,3377662148,793.0
2026-08-03,lazada,4718101400,193.0
2026-08-03,lazada,5290417852,431.0
2026-08-03,lazada,5172068023,117.0
2026-08-03,lazada,4426737516,204.0
2026-08-03,lazada,5189462691,60.0
2026-08-03,lazada,4103576048,298.0
2026-08-03,lazada,5303672610,66.0
2026-08-03,lazada,5286967869,7.0
2026-08-03,lazada,4980236363,49.0
2026-08-03,lazada,5364385625,223.0
2026-08-03,lazada,5327116452,198.0
2026-08-03,lazada,5291019196,35.0
2026-08-03,lazada,5292735189,130.0
2026-08-03,lazada,5291287214,42.0
2026-08-03,lazada,5290977330,34.0
2026-08-03,lazada,5298307018,21.0
2026-08-03,lazada,5305654676,82.0
2026-08-03,lazada,5457023537,56.0
2026-08-03,lazada,5557996229,95.0
2026-08-03,lazada,5550006382,118.0
2026-08-03,lazada,5549901726,100.0
2026-08-03,lazada,5650216522,7.0
2026-08-03,lazada,5749585929,22.0
2026-08-03,lazada,5811421352,464.0
2026-08-03,lazada,5793684250,48.0
2026-08-03,lazada,5573766633,24.0
2026-08-03,lazada,5573867676,58.0
2026-08-03,lazada,5670401920,39.0
2026-08-03,lazada,5588398776,28.0
2026-08-03,lazada,5549948473,56.0
2026-08-03,lazada,5874713271,139.0
2026-08-03,lazada,5778285082,29.0
2026-08-03,lazada,5778280093,77.0
2026-08-03,lazada,5556077310,31.0
2026-08-03,lazada,5874692297,33.0
2026-08-03,lazada,4424919656,143.0
2026-08-03,lazada,4491301105,698.0
2026-08-03,lazada,4423060404,112.0
2026-08-03,lazada,4170150760,205.0
2026-08-03,lazada,4418440335,242.0
2026-08-03,lazada,2567450125,61.0
2026-08-03,lazada,1084790698,836.0
2026-08-03,lazada,4425914782,917.0
2026-08-03,lazada,4793049205,625.0
2026-08-03,lazada,4917962894,245.0
2026-08-03,lazada,5111483982,1700.0
2026-08-03,lazada,4826584974,98.0
2026-08-03,lazada,5140773913,2700.0
2026-08-03,lazada,5135311280,494.0
2026-08-03,lazada,5076290975,227.0
2026-08-03,lazada,4904959646,611.0
2026-08-03,lazada,5176267687,252.0
2026-08-03,lazada,5183937492,762.0
2026-08-03,lazada,5023469529,1700.0
2026-08-03,lazada,5182127362,916.0
2026-08-03,lazada,5027790568,443.0
2026-08-03,lazada,5117541999,460.0
2026-08-03,lazada,5182235021,469.0
2026-08-03,lazada,5137716365,90.0
2026-08-03,lazada,5270130821,106.0
2026-08-03,lazada,4871884548,363.0
2026-08-03,lazada,5150526423,99.0
2026-08-03,lazada,5150547436,46.0
2026-08-03,lazada,5115100433,207.0
2026-08-03,lazada,5357703101,120.0
2026-08-03,lazada,5170363473,103.0
2026-08-03,lazada,4917614558,923.0
2026-08-03,lazada,4892869450,650.0
2026-08-03,lazada,4906138575,588.0
2026-08-03,lazada,4890078358,1300.0
2026-08-03,lazada,4195319279,291.0
2026-08-03,lazada,2728822105,255.0
2026-08-03,lazada,2772186291,822.0
2026-08-03,lazada,4309336035,372.0
2026-08-03,lazada,4087269522,47.0
2026-08-03,lazada,2733013179,1200.0
2026-08-03,lazada,2726089203,570.0
2026-08-03,lazada,3802575218,847.0
2026-08-03,lazada,2852343561,510.0
2026-08-03,lazada,4960626119,39.0
2026-08-03,lazada,4907382071,455.0
2026-08-03,lazada,4814437215,39.0
2026-08-03,lazada,4732437705,368.0
2026-08-03,lazada,4769496568,102.0
2026-08-03,lazada,4731115967,166.0
2026-08-03,lazada,4888475209,1600.0
2026-08-03,lazada,4878253394,1800.0
2026-08-03,lazada,4888787872,401.0
2026-08-03,lazada,4680299926,636.0
2026-08-03,lazada,4598083397,442.0
2026-08-03,lazada,4950412521,273.0
2026-08-03,lazada,5135857068,1800.0
2026-08-03,lazada,4870251269,1600.0
2026-08-03,lazada,5120196585,1200.0
2026-08-03,lazada,4995425682,1300.0
2026-08-03,lazada,5145484732,100.0
2026-08-03,lazada,5006514225,3600.0
2026-08-03,lazada,5153503706,1900.0
2026-08-03,lazada,5120272148,2500.0
2026-08-03,lazada,4894809163,99.0
2026-08-03,lazada,4877538923,283.0
2026-08-03,lazada,5361288867,898.0
2026-08-03,lazada,5395819210,7.0
2026-08-03,lazada,5462987998,2900.0
2026-08-03,lazada,5585294424,803.0
2026-08-03,lazada,5508558950,942.0
2026-08-03,lazada,5782953677,314.0
2026-08-03,lazada,5774821577,799.0
2026-08-03,lazada,5769291265,358.0
2026-08-03,lazada,5804762786,320.0
2026-08-03,lazada,5747294062,46.0
2026-08-03,lazada,5594556844,89.0
2026-08-03,lazada,5585538841,168.0
2026-08-03,lazada,5650098709,33.0
2026-08-03,lazada,5778515393,32.0
2026-08-03,lazada,5303874585,2500.0
2026-08-03,lazada,5965896917,59.0
2026-08-03,lazada,5712353073,121.0
2026-08-03,lazada,5448536966,392.0
2026-08-03,lazada,5728654030,157.0
2026-08-03,lazada,5252376531,169.0
2026-08-03,lazada,5290604953,116.0
2026-08-03,lazada,1891918931,3000.0
2026-08-03,lazada,2089702400,1500.0
2026-08-03,lazada,3375268839,913.0
2026-08-03,lazada,4330543686,575.0
2026-08-03,lazada,2857073953,771.0
2026-08-03,lazada,4186063660,443.0
2026-08-03,lazada,2360973627,1000.0
2026-08-03,lazada,2185980162,670.0
2026-08-03,lazada,2980976048,148.0
2026-08-03,lazada,4197075239,192.0
2026-08-03,lazada,4240780019,287.0
2026-08-03,lazada,3376423676,647.0
2026-08-03,lazada,2355817959,1100.0
2026-08-03,lazada,1228510192,584.0
2026-08-03,lazada,4518823577,539.0
2026-08-03,lazada,3382491142,295.0
2026-08-03,lazada,2360491932,286.0
2026-08-03,lazada,2596753651,267.0
2026-08-03,lazada,4745996992,72.0
2026-08-03,lazada,4479509476,41.0
2026-08-03,lazada,2981716507,184.0
2026-08-03,lazada,4770264432,116.0
2026-08-03,lazada,2354893738,1900.0
2026-08-03,lazada,369390607,1000.0
2026-08-03,lazada,3139170864,91.0
2026-08-03,lazada,3977303215,47.0
2026-08-03,lazada,4929490333,97.0
2026-08-03,lazada,5070328842,1400.0
2026-08-03,lazada,966276558,349.0
2026-08-03,lazada,4817483391,128.0
2026-08-03,lazada,3947805175,84.0
2026-08-03,lazada,5056927220,104.0
2026-08-03,lazada,5097164964,222.0
2026-08-03,lazada,4856545430,98.0
2026-08-03,lazada,3763902549,252.0
2026-08-03,lazada,5060303133,13.0
2026-08-03,lazada,4518609203,184.0
2026-08-03,lazada,3919153100,310.0
2026-08-03,lazada,5068843726,710.0
2026-08-03,lazada,2940599226,188.0
2026-08-03,lazada,5097201832,21.0
2026-08-03,lazada,5056862463,60.0
2026-08-03,lazada,4970767919,111.0
2026-08-03,lazada,5056928132,26.0
2026-08-03,lazada,4619560452,179.0
2026-08-03,lazada,2794782066,86.0
2026-08-03,lazada,4907896614,255.0
2026-08-03,lazada,4816235463,88.0
2026-08-03,lazada,3137868368,241.0
2026-08-03,lazada,4876149604,75.0
2026-08-03,lazada,368094453,138.0
2026-08-03,lazada,1555364334,85.0
2026-08-03,lazada,5187359932,866.0
2026-08-03,lazada,5097255783,20.0
2026-08-03,lazada,4766236474,169.0
2026-08-03,lazada,5239958272,93.0
2026-08-03,lazada,5362164380,279.0
2026-08-03,lazada,3258422050,75.0
2026-08-03,lazada,5292793892,543.0
2026-08-03,lazada,5364515634,228.0
2026-08-03,lazada,5275897608,30.0
2026-08-03,lazada,3879841651,201.0
2026-08-03,lazada,5443090180,163.0
2026-08-03,lazada,5068932499,105.0
2026-08-03,lazada,5391389087,312.0
2026-08-03,lazada,5393180482,132.0
2026-08-03,lazada,5406023685,191.0
2026-08-03,lazada,5473891505,27.0
2026-08-03,lazada,5075074412,68.0
2026-08-03,lazada,5711107130,250.0
2026-08-03,lazada,5769317218,63.0
2026-08-03,lazada,5716415454,11.0
2026-08-03,lazada,5749414411,69.0
2026-08-03,lazada,5817045241,47.0
2026-08-03,lazada,5152797933,7.0
2026-08-03,lazada,5814175647,160.0
2026-08-03,lazada,5695783524,229.0
2026-08-03,lazada,5695199658,1300.0
2026-08-03,lazada,5900532941,32.0
2026-08-03,lazada,5924297201,8.0
2026-08-03,lazada,5939348486,9.0
2026-08-03,lazada,2405321346,617.0
2026-08-03,lazada,5788148090,164.0
2026-08-03,lazada,5995163211,172.0
2026-08-03,lazada,4527911037,4900.0
2026-08-03,lazada,5019519690,3800.0
2026-08-03,lazada,4526793796,8600.0
2026-08-03,lazada,5703608025,10.0
2026-08-03,lazada,5795567170,36.0
2026-08-03,lazada,5531820738,51.0
2026-08-03,lazada,5065645762,801.0
2026-08-03,lazada,5143589125,97.0
2026-08-03,lazada,5441217776,17.0
2026-08-03,lazada,5871328160,77.0
2026-08-03,lazada,5075500968,401.0
2026-08-03,lazada,5124164232,36.0
2026-08-03,lazada,5121308580,27.0
2026-08-03,lazada,2245253962,11.0
2026-08-03,lazada,5065871361,42.0
2026-08-03,lazada,5188280019,27.0
2026-08-03,lazada,5075739927,17.0
2026-08-03,lazada,5114062519,16.0
2026-08-03,lazada,5176988655,8.0
2026-08-03,lazada,4544411966,86.0
2026-08-03,lazada,5850745476,2500.0
2026-08-03,lazada,5951411471,188.0
2026-08-03,lazada,16074066555,21.0
2026-08-03,lazada,16069559887,31.0
2026-08-03,lazada,16073573104,146.0
2026-08-03,lazada,16156148154,11.0
2026-08-03,lazada,16152036597,46.0
2026-08-03,lazada,16146763479,12.0
2026-08-03,lazada,5068888150,2400.0
2026-08-03,lazada,5070592549,2000.0
2026-08-03,lazada,4577184537,774.0
2026-08-03,lazada,5069167207,1400.0
2026-08-03,lazada,3596766154,844.0
2026-08-03,lazada,5131563445,707.0
2026-08-03,lazada,5074758419,741.0
2026-08-03,lazada,4867811071,431.0
2026-08-03,lazada,2743491041,1800.0
2026-08-03,lazada,2895782353,584.0
2026-08-03,lazada,1456072615,4100.0
2026-08-03,lazada,4583045241,695.0
2026-08-03,lazada,5049572683,267.0
2026-08-03,lazada,3848607039,703.0
2026-08-03,lazada,4873641315,532.0
2026-08-03,lazada,5041355240,184.0
2026-08-03,lazada,5071464219,285.0
2026-08-03,lazada,4711638555,165.0
2026-08-03,lazada,5149989970,141.0
2026-08-03,lazada,2743352622,1300.0
2026-08-03,lazada,1862906093,1800.0
2026-08-03,lazada,3994210872,470.0
2026-08-03,lazada,5163655162,125.0
2026-08-03,lazada,4867749678,349.0
2026-08-03,lazada,5097291428,137.0
2026-08-03,lazada,2706453653,66.0
2026-08-03,lazada,4642057896,217.0
2026-08-03,lazada,5023983465,68.0
2026-08-03,lazada,5090255742,28.0
2026-08-03,lazada,2767655046,368.0
2026-08-03,lazada,4864569449,668.0
2026-08-03,lazada,5079651593,241.0
2026-08-03,lazada,5069071987,51.0
2026-08-03,lazada,5050087175,304.0
2026-08-03,lazada,4351005499,381.0
2026-08-03,lazada,1797940594,4800.0
2026-08-03,lazada,4108888447,609.0
2026-08-03,lazada,2743725628,779.0
2026-08-03,lazada,4375172880,284.0
2026-08-03,lazada,1807056282,3300.0
2026-08-03,lazada,4307019047,221.0
2026-08-03,lazada,4186730241,204.0
2026-08-03,lazada,4594245329,57.0
2026-08-03,lazada,4664231967,104.0
2026-08-03,lazada,4735998897,163.0
2026-08-03,lazada,4375253221,100.0
2026-08-03,lazada,4183949198,94.0
2026-08-03,lazada,1806942803,1700.0
2026-08-03,lazada,4381907969,64.0
2026-08-03,lazada,4256649621,137.0
2026-08-03,lazada,4184007038,78.0
2026-08-03,lazada,2745979909,644.0
2026-08-03,lazada,4667356950,15.0
2026-08-03,lazada,2552627135,336.0
2026-08-03,lazada,2418075592,821.0
2026-08-03,lazada,4724499998,165.0
2026-08-03,lazada,4987266866,299.0
2026-08-03,lazada,4715791485,197.0
2026-08-03,lazada,4962267462,649.0
2026-08-03,lazada,2743749060,740.0
2026-08-03,lazada,5069728070,26.0
2026-08-03,lazada,4314911794,22.0
2026-08-03,lazada,1432466921,339.0
2026-08-03,lazada,4594260032,47.0
2026-08-03,lazada,1610804318,251.0
2026-08-03,lazada,5015890842,94.0
2026-08-03,lazada,1432578111,317.0
2026-08-03,lazada,5076871405,130.0
2026-08-03,lazada,4405541429,69.0
2026-08-03,lazada,4693167945,48.0
2026-08-03,lazada,5119029251,1400.0
2026-08-03,lazada,5109050265,117.0
2026-08-03,lazada,4935355822,11.0
2026-08-03,lazada,5210096085,845.0
2026-08-03,lazada,5126284905,211.0
2026-08-03,lazada,2941723901,232.0
2026-08-03,lazada,5131506197,1400.0
2026-08-03,lazada,4962401368,259.0
2026-08-03,lazada,5485697766,203.0
2026-08-03,lazada,5549807039,1100.0
2026-08-03,lazada,5549800173,753.0
2026-08-03,lazada,5196241001,43.0
2026-08-03,lazada,5550717558,134.0
2026-08-03,lazada,5549726464,274.0
2026-08-03,lazada,5557062233,262.0
2026-08-03,lazada,5645558544,269.0
2026-08-03,lazada,5752943678,79.0
2026-08-03,lazada,5820996210,43.0
2026-08-03,lazada,5557913500,468.0
2026-08-03,lazada,5303741484,96.0
2026-08-03,lazada,3809300196,409.0
2026-08-03,lazada,5464324785,10.0
2026-08-03,lazada,5303562865,42.0
2026-08-03,lazada,5356801688,25.0
2026-08-03,lazada,5463216215,28.0
2026-08-03,lazada,5293037747,446.0
2026-08-03,lazada,5339269473,11.0
2026-08-03,lazada,4888980639,99.0
2026-08-03,lazada,5535391918,48.0
2026-08-03,lazada,5298257542,311.0
2026-08-03,lazada,4082545038,151.0
2026-08-03,lazada,2147466320,688.0
2026-08-03,lazada,1988706117,781.0
2026-08-03,lazada,2762947102,1100.0
2026-08-03,lazada,4507675725,47.0
2026-08-03,lazada,4307145399,884.0
2026-08-03,lazada,5555478903,58.0
2026-08-03,lazada,5531963225,90.0
2026-08-03,lazada,5549321630,31.0
2026-08-03,lazada,5555597852,66.0
2026-08-03,lazada,5557003731,144.0
2026-08-03,lazada,5566727433,168.0
2026-08-03,lazada,5645593302,184.0
2026-08-03,lazada,5661082256,108.0
2026-08-03,lazada,5614495093,347.0
2026-08-03,lazada,5663543122,32.0
2026-08-03,lazada,5555549822,224.0
2026-08-03,lazada,5566669294,15.0
2026-08-03,lazada,5604272530,134.0
2026-08-03,lazada,5581328164,11.0
2026-08-03,lazada,5360715489,803.0
2026-08-03,lazada,5440890517,7.0
2026-08-03,lazada,5360733357,320.0
2026-08-03,lazada,5439753212,198.0
2026-08-03,lazada,5451302622,24.0
2026-08-03,lazada,5468046408,7.0
2026-08-03,lazada,5467145920,9.0
2026-08-03,lazada,5486724740,5.0
2026-08-03,lazada,5472568502,57.0
2026-08-03,lazada,5467333198,7.0
2026-08-03,lazada,5484172389,18.0
2026-08-03,lazada,5125594322,32.0
2026-08-03,lazada,5451400111,40.0
2026-08-03,lazada,5551265243,14.0
2026-08-03,lazada,4808879954,34.0
2026-08-03,lazada,5542820775,581.0
2026-08-03,lazada,5010150522,431.0
2026-08-03,lazada,5289693218,7.0
2026-08-03,lazada,2586461255,26.0
2026-08-03,lazada,4696132471,27.0
2026-08-03,lazada,3594869212,83.0
2026-08-03,lazada,5196149655,5.0
2026-08-03,lazada,520630674,27.0
2026-08-03,lazada,3826952725,89.0
2026-08-03,lazada,4834949297,10.0
2026-08-03,lazada,4356364611,60.0
2026-08-03,lazada,5616692016,54.0
2026-08-03,lazada,5592903922,19.0
2026-08-03,lazada,4944270328,677.0
2026-08-03,lazada,5496041174,263.0
2026-08-03,lazada,5617245225,92.0
2026-08-03,lazada,3764791027,175.0
2026-08-03,lazada,5144674967,7.0
2026-08-03,lazada,5624393392,37.0
2026-08-03,lazada,5790454038,302.0
2026-08-03,lazada,5932252489,52.0
2026-08-03,lazada,5617160434,33.0
2026-08-03,lazada,2838357425,4300.0
2026-08-03,lazada,5781003205,918.0
2026-08-03,lazada,5692833493,4300.0
2026-08-03,lazada,5284282359,263.0
2026-08-03,lazada,4477446254,3500.0
2026-08-03,lazada,4530487921,339.0
2026-08-03,lazada,5702927680,390.0
2026-08-03,lazada,5724847631,492.0
2026-08-03,lazada,4985903180,108.0
2026-08-03,lazada,4867885750,507.0
2026-08-03,lazada,5127081292,421.0
2026-08-03,lazada,5850354949,41.0
2026-08-03,lazada,5928446383,5.0
2026-08-03,lazada,5702900473,111.0
2026-08-03,lazada,5009424083,100.0
2026-08-03,lazada,5703076241,61.0
2026-08-03,lazada,5251473459,321.0
2026-08-03,lazada,5782855905,451.0
2026-08-03,lazada,5728455334,156.0
2026-08-03,lazada,5724636551,80.0
2026-08-03,lazada,5897041927,122.0
2026-08-03,lazada,5897088123,18.0
2026-08-03,lazada,5896424707,74.0
2026-08-03,lazada,5895169973,10.0
2026-08-03,lazada,5892168532,20.0
2026-08-03,lazada,5870050807,10.0
2026-08-03,lazada,5901392565,11.0
2026-08-03,lazada,5796526692,231.0
2026-08-03,lazada,5783110827,123.0
2026-08-03,lazada,5787937324,33.0
2026-08-03,lazada,5783005015,111.0
2026-08-03,lazada,4326432089,17.0
2026-08-03,lazada,5821379251,7.0
2026-08-03,lazada,4177307576,349.0
2026-08-03,lazada,4374277496,99.0
2026-08-03,lazada,5263711225,16.0
2026-08-03,lazada,4821181726,35.0
2026-08-03,lazada,5167972516,50.0
2026-08-03,lazada,5527865753,53.0
2026-08-03,lazada,4699810791,303.0
2026-08-03,lazada,4214861224,234.0
2026-08-03,lazada,4145793052,67.0
2026-08-03,lazada,5219353822,41.0
2026-08-03,lazada,5131699042,177.0
2026-08-03,lazada,5561492680,12.0
2026-08-03,lazada,4814760839,148.0
2026-08-03,lazada,5167788361,44.0
2026-08-03,lazada,3834090320,26.0
2026-08-03,lazada,5372306905,26.0
2026-08-03,lazada,4029112121,21.0
2026-08-03,lazada,5937736574,60.0
2026-08-03,lazada,4270849293,7.0
2026-08-03,lazada,5351670548,37.0
2026-08-03,lazada,5394870159,86.0
2026-08-03,lazada,4954544409,227.0
2026-08-03,lazada,4765610871,11.0
2026-08-03,lazada,523298854,84.0
2026-08-03,lazada,5836913751,14.0
2026-08-03,lazada,4483125715,37.0
2026-08-03,lazada,4924321248,137.0
2026-08-03,lazada,4952309655,53.0
2026-08-03,lazada,5096866099,57.0
2026-08-03,lazada,4954403761,144.0
2026-08-03,lazada,4028578470,29.0
2026-08-03,lazada,1602826372,11.0
2026-08-03,lazada,5940294492,27.0
2026-08-03,lazada,5938764984,28.0
2026-08-03,lazada,5980320625,79.0
2026-08-03,lazada,6013492446,7.0
2026-08-03,lazada,3864993510,67900.0
2026-08-03,lazada,2386570961,7400.0
2026-08-03,lazada,4233762603,1100.0
2026-08-03,lazada,4647454346,470.0
2026-08-03,lazada,4744176099,527.0
2026-08-03,lazada,4167269757,2200.0
2026-08-03,lazada,4650766837,351.0
2026-08-03,lazada,5075038790,153.0
2026-08-03,lazada,5074798883,79.0
2026-08-03,lazada,5069299352,454.0
2026-08-03,lazada,5099712978,105.0
2026-08-03,lazada,5077748643,65.0
2026-08-03,lazada,5077692938,311.0
2026-08-03,lazada,4756474602,6900.0
2026-08-03,lazada,5042162825,6700.0
2026-08-03,lazada,4776922795,183.0
2026-08-03,lazada,4253943457,10300.0
2026-08-03,lazada,2266649736,1100.0
2026-08-03,lazada,4150621545,2900.0
2026-08-03,lazada,4331757345,1400.0
2026-08-03,lazada,5158551402,1100.0
2026-08-03,lazada,3477097655,361.0
2026-08-03,lazada,5118507996,2800.0
2026-08-03,lazada,4422036693,10300.0
2026-08-03,lazada,5464215959,13.0
2026-08-03,lazada,5069629496,49.0
2026-08-03,lazada,5071496530,12.0
2026-08-03,lazada,5077672990,70.0
2026-08-03,lazada,5547593533,144.0
2026-08-03,lazada,5845305690,151.0
2026-08-03,lazada,5835655612,108.0
2026-08-03,lazada,5851735219,1500.0
2026-08-03,lazada,5757310786,4000.0
2026-08-03,lazada,5400608000,144.0
2026-08-03,lazada,5851662160,31.0
2026-08-03,lazada,6030820776,15.0
2026-08-03,lazada,5863588530,49.0
2026-08-03,lazada,2513599510,384.0
2026-08-03,lazada,3161418293,228.0
2026-08-03,lazada,4201977524,1200.0
2026-08-03,lazada,4698201394,549.0
2026-08-03,lazada,4755195109,144.0
2026-08-03,lazada,4362786869,124.0
2026-08-03,lazada,5076735656,1300.0
2026-08-03,lazada,5099177434,319.0
2026-08-03,lazada,5099193129,306.0
2026-08-03,lazada,4870053458,109.0
2026-08-03,lazada,4179219969,184.0
2026-08-03,lazada,5184374559,61.0
2026-08-03,lazada,4140219030,40.0
2026-08-03,lazada,5184317845,154.0
2026-08-03,lazada,5184384539,123.0
2026-08-03,lazada,3994221857,24.0
2026-08-03,lazada,5024156086,72.0
2026-08-03,lazada,5485575751,313.0
2026-08-03,lazada,4925966958,371.0
2026-08-03,lazada,5275753482,358.0
2026-08-03,lazada,5070683433,64.0
2026-08-03,lazada,2626702440,1900.0
2026-08-03,lazada,4988233325,269.0
2026-08-03,lazada,5486622885,463.0
2026-08-03,lazada,5491241047,666.0
2026-08-03,lazada,5485161689,68.0
2026-08-03,lazada,5134038167,180.0
2026-08-03,lazada,5500698320,64.0
2026-08-03,lazada,5497769898,30.0
2026-08-03,lazada,5485674370,396.0
2026-08-03,lazada,5503493681,16.0
2026-08-03,lazada,5485040951,96.0
2026-08-03,lazada,5489793005,52.0
2026-08-03,lazada,5498083140,89.0
2026-08-03,lazada,5667906576,196.0
2026-08-03,lazada,5490339521,274.0
2026-08-03,lazada,5485161648,13.0
2026-08-03,lazada,5491006860,11.0
2026-08-03,lazada,5749405751,857.0
2026-08-03,lazada,5059878807,1500.0
2026-08-03,lazada,5643602390,340.0
2026-08-03,lazada,5836946210,354.0
2026-08-03,lazada,5823580758,627.0
2026-08-03,lazada,5749770682,96.0
2026-08-03,lazada,5752679808,102.0
2026-08-03,lazada,5746728881,468.0
2026-08-03,lazada,5835498336,285.0
2026-08-03,lazada,5435235260,149.0
2026-08-03,lazada,5879580444,14.0
2026-08-03,lazada,906540126,20.0
2026-08-03,lazada,4608221814,53.0
2026-08-03,lazada,4531344687,440.0
2026-08-03,lazada,4643028123,139.0
2026-08-03,lazada,3219971954,201.0
2026-08-03,lazada,4979875955,64.0
2026-08-03,lazada,4696243229,63.0
2026-08-03,lazada,5016162146,25.0
2026-08-03,lazada,4769942145,98.0
2026-08-03,lazada,4816594115,55.0
2026-08-03,lazada,5122172349,113.0
2026-08-03,lazada,5246380538,55.0
2026-08-03,lazada,5277109145,132.0
2026-08-03,lazada,5122194020,60.0
2026-08-03,lazada,4997370084,119.0
2026-08-03,lazada,5609032415,29.0
2026-08-03,lazada,5596185593,125.0
2026-08-03,lazada,5724050372,268.0
2026-08-03,lazada,4768919278,2900.0
2026-08-03,lazada,4356535323,134.0
2026-08-03,lazada,5034902617,48.0
2026-08-03,lazada,5048782166,324.0
2026-08-03,lazada,5054468925,111.0
2026-08-03,lazada,5054562616,84.0
2026-08-03,lazada,4781309225,1200.0
2026-08-03,lazada,5043509547,107.0
2026-08-03,lazada,4335538583,71.0
2026-08-03,lazada,4184305893,56.0
2026-08-03,lazada,5034528880,63.0
2026-08-03,lazada,5065420557,49.0
2026-08-03,lazada,4677411730,196.0
2026-08-03,lazada,5258344851,111.0
2026-08-03,lazada,5240169886,38.0
2026-08-03,lazada,5169459971,77.0
2026-08-03,lazada,5104175832,655.0
2026-08-03,lazada,5048611875,427.0
2026-08-03,lazada,5051683290,33.0
2026-08-03,lazada,5034857576,38.0
2026-08-03,lazada,5357921397,26.0
2026-08-03,lazada,5666179023,54.0
2026-08-03,lazada,5274656707,30.0
2026-08-03,lazada,5469086988,18.0
2026-08-03,lazada,5163893819,241.0
2026-08-03,lazada,5690833903,31.0
2026-08-03,lazada,5255006592,27.0
2026-08-03,lazada,5784227157,254.0
2026-08-03,lazada,5782913603,181.0
2026-08-03,lazada,5782154025,23.0
2026-08-03,lazada,5605211462,13.0
2026-08-03,lazada,5718262017,46.0
2026-08-03,lazada,5034695003,39.0
2026-08-03,lazada,3741549838,19900.0
2026-08-03,lazada,3741598746,17700.0
2026-08-03,lazada,3741335303,5900.0
2026-08-03,lazada,3741225533,5100.0
2026-08-03,lazada,3741273002,4200.0
2026-08-03,lazada,4970006705,746.0
2026-08-03,lazada,4092518995,275.0
2026-08-03,lazada,4986205159,64.0
2026-08-03,lazada,4456933102,607.0
2026-08-03,lazada,4880429728,51.0
2026-08-03,lazada,5009121504,2300.0
2026-08-03,lazada,4850499476,1900.0
2026-08-03,lazada,4869145509,419.0
2026-08-03,lazada,4974031035,371.0
2026-08-03,lazada,3895111871,123.0
2026-08-03,lazada,4874885081,127.0
2026-08-03,lazada,2405388375,315.0
2026-08-03,lazada,1079184002,497.0
2026-08-03,lazada,5108091247,154.0
2026-08-03,lazada,4896803528,97.0
2026-08-03,lazada,533718080,232.0
2026-08-03,lazada,5291722644,137.0
2026-08-03,lazada,5124942444,163.0
2026-08-03,lazada,5465979955,1100.0
2026-08-03,lazada,5476271254,954.0
2026-08-03,lazada,5039319669,63.0
2026-08-03,lazada,4805481010,1700.0
2026-08-03,lazada,4551630288,632.0
2026-08-03,lazada,5649257570,327.0
2026-08-03,lazada,5649147391,343.0
2026-08-03,lazada,5249002805,10.0
2026-08-03,lazada,5110869723,247.0
2026-08-03,lazada,5491197946,88.0
2026-08-03,lazada,5729579203,17.0
2026-08-03,lazada,4505469445,26.0
2026-08-03,lazada,4544610494,41.0
2026-08-03,lazada,5567160016,94.0
2026-08-03,lazada,5745985653,121.0
2026-08-03,lazada,5281933616,17.0
2026-08-03,lazada,4453397554,194.0
2026-08-03,lazada,5348952016,21.0
2026-08-03,lazada,4362880435,8.0
2026-08-03,lazada,5245047341,3000.0
2026-08-03,lazada,5197670820,479.0
2026-08-03,lazada,5431046691,37.0
2026-08-03,lazada,5137314991,144.0
2026-08-03,lazada,5171434144,68.0
2026-08-03,lazada,4784658007,22.0
2026-08-03,lazada,4774134727,333.0
2026-08-03,lazada,4627480137,104.0
2026-08-03,lazada,4695570987,52.0
2026-08-03,lazada,448418555,212.0
2026-08-03,lazada,347476170,133.0
2026-08-03,lazada,5391492927,539.0
2026-08-03,lazada,5397611689,312.0
2026-08-03,lazada,5435898249,163.0
2026-08-03,lazada,5396725827,42.0
2026-08-03,lazada,1883496337,74.0
2026-08-03,lazada,5516864245,89.0
2026-08-03,lazada,2529197703,104.0
2026-08-03,lazada,386856537,284.0
2026-08-03,lazada,5390536638,150.0
2026-08-03,lazada,4593123906,631.0
2026-08-03,lazada,5197948940,460.0
2026-08-03,lazada,5399001992,247.0
2026-08-03,lazada,5390333598,641.0
2026-08-03,lazada,5713113644,281.0
2026-08-03,lazada,5617395965,34.0
2026-08-03,lazada,5691847800,169.0
2026-08-03,lazada,5336137213,11.0
2026-08-03,lazada,5400769984,9.0
2026-08-03,lazada,5668476966,43.0
2026-08-03,lazada,5432793258,10.0
2026-08-03,lazada,5734796452,114.0
2026-08-03,lazada,5406007738,52.0
2026-08-03,lazada,4156371669,257.0
2026-08-03,lazada,5778080135,59.0
2026-08-03,lazada,5390633478,54.0
2026-08-03,lazada,5274009137,120.0
2026-08-03,lazada,5395805474,50.0
2026-08-03,lazada,5197903171,173.0
2026-08-03,lazada,386846847,504.0
2026-08-03,lazada,3067506673,48.0
2026-08-03,lazada,2757779878,23100.0
2026-08-03,lazada,4453271237,18900.0
2026-08-03,lazada,4723657010,5300.0
2026-08-03,lazada,3552793566,25300.0
2026-08-03,lazada,4662901894,1700.0
2026-08-03,lazada,3004980330,1700.0
2026-08-03,lazada,2606492273,5200.0
2026-08-03,lazada,4182054635,4400.0
2026-08-03,lazada,4017855484,25200.0
2026-08-03,lazada,4233779744,1400.0
2026-08-03,lazada,4617536981,243.0
2026-08-03,lazada,2726408332,2600.0
2026-08-03,lazada,4799790113,12700.0
2026-08-03,lazada,4457015598,3400.0
2026-08-03,lazada,1765928302,11900.0
2026-08-03,lazada,3432400146,10900.0
2026-08-03,lazada,4230842175,4000.0
2026-08-03,lazada,4453429374,1200.0
2026-08-03,lazada,4235942395,1800.0
2026-08-03,lazada,3951349366,3100.0
2026-08-03,lazada,2374056586,1100.0
2026-08-03,lazada,4235188360,1300.0
2026-08-03,lazada,4735186079,1100.0
2026-08-03,lazada,5165919802,431.0
2026-08-03,lazada,4809418062,168.0
2026-08-03,lazada,4799503282,242.0
2026-08-03,lazada,5168389651,665.0
2026-08-03,lazada,4698094159,965.0
2026-08-03,lazada,4544595619,248.0
2026-08-03,lazada,5242492400,80.0
2026-08-03,lazada,5284421951,1600.0
2026-08-03,lazada,5200443597,539.0
2026-08-03,lazada,5308151036,370.0
2026-08-03,lazada,5303771301,25.0
2026-08-03,lazada,5320702054,55.0
2026-08-03,lazada,5284612156,493.0
2026-08-03,lazada,4429939368,787.0
2026-08-03,lazada,4705833237,658.0
2026-08-03,lazada,5183456536,587.0
2026-08-03,lazada,4353453171,364.0
2026-08-03,lazada,5487249846,849.0
2026-08-03,lazada,5269715440,62.0
2026-08-03,lazada,5383102934,60.0
2026-08-03,lazada,5183093303,2500.0
2026-08-03,lazada,3951519437,6500.0
2026-08-03,lazada,5346852349,60.0
2026-08-03,lazada,4775446761,58.0
2026-08-03,lazada,5252688574,187.0
2026-08-03,lazada,5088968372,490.0
2026-08-03,lazada,5252764526,1400.0
2026-08-03,lazada,3283997279,230.0
2026-08-03,lazada,4947531181,391.0
2026-08-03,lazada,4822187935,332.0
2026-08-03,lazada,5198091101,1600.0
2026-08-03,lazada,5621483069,696.0
2026-08-03,lazada,5622581440,612.0
2026-08-03,lazada,5213306109,416.0
2026-08-03,lazada,5693526634,431.0
2026-08-03,lazada,5651975649,4400.0
2026-08-03,lazada,5709842447,1300.0
2026-08-03,lazada,5692654150,303.0
2026-08-03,lazada,2775555986,582.0
2026-08-03,lazada,5680935613,1200.0
2026-08-03,lazada,5625374337,5000.0
2026-08-03,lazada,5771811887,181.0
2026-08-03,lazada,5630669167,799.0
2026-08-03,lazada,5732359623,591.0
2026-08-03,lazada,4437149919,15.0
2026-08-03,lazada,5288647634,287.0
2026-08-03,lazada,5181388875,9.0
2026-08-03,lazada,5774851632,49.0
2026-08-03,lazada,5780484328,410.0
2026-08-03,lazada,5777121783,157.0
2026-08-03,lazada,5793803236,312.0
2026-08-03,lazada,5645991688,110.0
2026-08-03,lazada,5639305242,29.0
2026-08-03,lazada,5930538824,42.0
2026-08-03,lazada,4473186619,5500.0
2026-08-03,lazada,4473185970,8100.0
2026-08-03,lazada,4302838238,2500.0
2026-08-03,lazada,4158281368,1800.0
2026-08-03,lazada,4522597781,990.0
2026-08-03,lazada,4135254793,686.0
2026-08-03,lazada,4135290163,298.0
2026-08-03,lazada,4228748496,380.0
2026-08-03,lazada,4255622637,424.0
2026-08-03,lazada,2394949276,3300.0
2026-08-03,lazada,4161376546,445.0
2026-08-03,lazada,4583559229,210.0
2026-08-03,lazada,4672569667,132.0
2026-08-03,lazada,4473677794,267.0
2026-08-03,lazada,4992609915,1300.0
2026-08-03,lazada,4894488465,1100.0
2026-08-03,lazada,4672626203,510.0
2026-08-03,lazada,4672584752,476.0
2026-08-03,lazada,5083261872,2200.0
2026-08-03,lazada,5099854473,226.0
2026-08-03,lazada,4988452194,3100.0
2026-08-03,lazada,4231637951,4000.0
2026-08-03,lazada,4158178600,3500.0
2026-08-03,lazada,3378693165,1800.0
2026-08-03,lazada,5070739134,47.0
2026-08-03,lazada,4421373503,5800.0
2026-08-03,lazada,5088419445,1300.0
2026-08-03,lazada,5135077630,681.0
2026-08-03,lazada,5168729328,547.0
2026-08-03,lazada,5112451778,113.0
2026-08-03,lazada,5395576363,568.0
2026-08-03,lazada,5290646863,57.0
2026-08-03,lazada,5480702161,62.0
2026-08-03,lazada,5334501182,1000.0
2026-08-03,lazada,5535523211,375.0
2026-08-03,lazada,5402541793,650.0
2026-08-03,lazada,5630204760,637.0
2026-08-03,lazada,5025079899,45.0
2026-08-03,lazada,4081773153,291.0
2026-08-03,lazada,5704977859,104.0
2026-08-03,lazada,5619801147,255.0
2026-08-03,lazada,5749797245,100.0
2026-08-03,lazada,5775479539,544.0
2026-08-03,lazada,5705101382,613.0
2026-08-03,lazada,4988038572,798.0
2026-08-03,lazada,4867117591,200.0
2026-08-03,lazada,5809556251,179.0
2026-08-03,lazada,5749704937,622.0
2026-08-03,lazada,5783415069,33.0
2026-08-03,lazada,5949397910,45.0
2026-08-03,lazada,5750851453,126.0
2026-08-03,lazada,5818165071,94.0
2026-08-03,lazada,5000821409,7200.0
2026-08-03,lazada,1993490894,2100.0
2026-08-03,lazada,4910695678,209.0
2026-08-03,lazada,4890640693,1900.0
2026-08-03,lazada,5010937325,943.0
2026-08-03,lazada,4410118549,542.0
2026-08-03,lazada,4969849505,267.0
2026-08-03,lazada,4878783501,193.0
2026-08-03,lazada,4724146690,487.0
2026-08-03,lazada,4513220112,71.0
2026-08-03,lazada,2699558598,696.0
2026-08-03,lazada,4721196939,134.0
2026-08-03,lazada,4737724884,245.0
2026-08-03,lazada,4143198752,121.0
2026-08-03,lazada,2868688979,206.0
2026-08-03,lazada,4194754487,178.0
2026-08-03,lazada,2510394963,567.0
2026-08-03,lazada,5084725125,931.0
2026-08-03,lazada,5070871062,44.0
2026-08-03,lazada,5070729768,159.0
2026-08-03,lazada,5025921726,1400.0
2026-08-03,lazada,5039330749,3000.0
2026-08-03,lazada,5073009259,1000.0
2026-08-03,lazada,4877260349,567.0
2026-08-03,lazada,4866583334,195.0
2026-08-03,lazada,5113759971,309.0
2026-08-03,lazada,4971453103,394.0
2026-08-03,lazada,4971288928,311.0
2026-08-03,lazada,5116053165,2200.0
2026-08-03,lazada,4935947724,42.0
2026-08-03,lazada,4931037943,327.0
2026-08-03,lazada,2698336598,754.0
2026-08-03,lazada,2511799263,399.0
2026-08-03,lazada,4867021203,56.0
2026-08-03,lazada,4518760320,389.0
2026-08-03,lazada,2013952615,599.0
2026-08-03,lazada,4316689040,87.0
2026-08-03,lazada,5117832441,2600.0
2026-08-03,lazada,5112571934,194.0
2026-08-03,lazada,5089365607,99.0
2026-08-03,lazada,2142614601,166.0
2026-08-03,lazada,3061154790,517.0
2026-08-03,lazada,4814479762,94.0
2026-08-03,lazada,5144749247,3100.0
2026-08-03,lazada,5116146059,2900.0
2026-08-03,lazada,5108850912,54.0
2026-08-03,lazada,5143380051,886.0
2026-08-03,lazada,5027221547,2900.0
2026-08-03,lazada,5247895066,666.0
2026-08-03,lazada,5153455585,438.0
2026-08-03,lazada,5249798442,730.0
2026-08-03,lazada,5117896593,10100.0
2026-08-03,lazada,5286339133,686.0
2026-08-03,lazada,5083735190,470.0
2026-08-03,lazada,5353215358,11800.0
2026-08-03,lazada,5228231301,635.0
2026-08-03,lazada,5028674444,1100.0
2026-08-03,lazada,5132787239,117.0
2026-08-03,lazada,4867024703,68.0
2026-08-03,lazada,5561293008,11.0
2026-08-03,lazada,5185473948,7.0
2026-08-03,lazada,5122090985,49.0
2026-08-03,lazada,5145368558,68.0
2026-08-03,lazada,5491521452,171.0
2026-08-03,lazada,5195211250,1300.0
2026-08-03,lazada,5470537226,148.0
2026-08-03,lazada,5480498111,34.0
2026-08-03,lazada,5146253591,414.0
2026-08-03,lazada,5234382064,245.0
2026-08-03,lazada,5610528637,16.0
2026-08-03,lazada,5597791266,2000.0
2026-08-03,lazada,4784817450,145.0
2026-08-03,lazada,4774183735,77.0
2026-08-03,lazada,5729615127,421.0
2026-08-03,lazada,5096536147,38.0
2026-08-03,lazada,5195007307,17.0
2026-08-03,lazada,5712303200,139.0
2026-08-03,lazada,5113400869,49.0
2026-08-03,lazada,5406166140,15.0
2026-08-03,lazada,5334831953,5.0
2026-08-03,lazada,4960923785,30.0
2026-08-03,lazada,5086128743,5.0
2026-08-03,lazada,5393179654,5.0
2026-08-03,lazada,5845668868,182.0
2026-08-03,lazada,5845499995,307.0
2026-08-03,lazada,5651354158,397.0
2026-08-03,lazada,5630585312,436.0
2026-08-03,lazada,5578446698,16.0
2026-08-03,lazada,5901641699,127.0
2026-08-03,lazada,5921980052,30.0
2026-08-03,lazada,5007381955,3600.0
2026-08-03,lazada,5890066027,89.0
2026-08-03,lazada,5901484109,125.0
2026-08-03,lazada,5572387943,181.0
2026-08-03,lazada,5487083790,45.0
2026-08-03,lazada,5607771906,287.0
2026-08-03,lazada,5819233126,12.0
2026-08-03,lazada,5245177148,601.0
2026-08-03,lazada,5193916373,312.0
2026-08-03,lazada,5589039246,95.0
2026-08-03,lazada,5859407568,367.0
2026-08-03,lazada,5572418827,112.0
2026-08-03,lazada,5247970959,74.0
2026-08-03,lazada,5572392997,42.0
2026-08-03,lazada,5920850888,78.0
2026-08-03,lazada,5904733525,14.0
2026-08-03,lazada,5310975144,266.0
2026-08-03,lazada,4894063237,988.0
2026-08-03,lazada,5290488786,863.0
2026-08-03,lazada,5114861799,107.0
2026-08-03,lazada,5758398307,126.0
2026-08-03,lazada,3117348582,733.0
2026-08-03,lazada,5706118505,72.0
2026-08-03,lazada,5234332307,126.0
2026-08-03,lazada,5570027204,49.0
2026-08-03,lazada,5698704024,12.0
2026-08-03,lazada,4256795002,21.0
2026-08-03,lazada,5034557488,15.0
2026-08-03,lazada,5024145699,75.0
2026-08-03,lazada,5802679463,7.0
2026-08-03,lazada,3072730045,15.0
2026-08-03,lazada,5075114818,61.0
2026-08-03,lazada,4155617177,315.0
2026-08-03,lazada,339164862,138.0
2026-08-03,lazada,5186194068,26.0
2026-08-03,lazada,5083325178,16.0
2026-08-03,lazada,2528374534,10.0
2026-08-03,lazada,5803488066,14.0
2026-08-03,lazada,2784209215,25.0
2026-08-03,lazada,2248304074,6.0
2026-08-03,lazada,5648963727,58.0
2026-08-03,lazada,5732335876,11.0
2026-08-03,lazada,4824621902,44.0
2026-08-03,lazada,5430846705,7.0
2026-08-03,lazada,4830404220,35.0
2026-08-03,lazada,4807987863,22.0
2026-08-03,lazada,4087627542,22.0
2026-08-03,lazada,4791112703,19.0
2026-08-03,lazada,5451483458,8.0
2026-08-03,lazada,4241623444,24.0
2026-08-03,lazada,3744372521,100.0
2026-08-03,lazada,4290420865,44.0
2026-08-03,lazada,4383247547,9.0
2026-08-03,lazada,2524315659,45.0
2026-08-03,lazada,4632420627,20.0
2026-08-03,lazada,5178134055,84.0
2026-08-03,lazada,2300698025,209.0
2026-08-03,lazada,5356384942,17.0
2026-08-03,lazada,5289472865,20.0
2026-08-03,lazada,5655670855,11.0
2026-08-03,lazada,3543091607,38.0
2026-08-03,lazada,4945137292,10.0
2026-08-03,lazada,5281052938,10100.0
2026-08-03,lazada,5671513788,2900.0
2026-08-03,lazada,5486999890,5400.0
2026-08-03,lazada,5462968345,6300.0
2026-08-03,lazada,5982902866,226.0
2026-08-03,lazada,5671016441,369.0
2026-08-03,lazada,5505093616,334.0
2026-08-03,lazada,16131319086,80.0
2026-08-03,lazada,5741543121,221.0
2026-08-03,lazada,5635357595,2000.0
2026-08-03,lazada,16111656971,97.0
2026-08-03,lazada,16130512563,91.0
2026-08-03,lazada,5814447839,42.0
2026-08-03,lazada,5865045212,424.0
2026-08-03,lazada,6065768229,189.0
2026-08-03,lazada,16112486889,379.0
2026-08-03,lazada,5212174048,986.0
2026-08-03,lazada,5619641966,1600.0
2026-08-03,lazada,5774639994,70.0
2026-08-03,lazada,5228519109,137.0
2026-08-03,tiktok,1729758343889652555,12710.0
2026-08-03,tiktok,1729991922744265295,8664.0
2026-08-03,tiktok,1729649763640970227,3598.0
2026-08-03,tiktok,1729945521473031109,4753.0
2026-08-03,tiktok,1730116700730067922,3075.0
2026-08-03,tiktok,1729898250472164096,276.0
2026-08-03,tiktok,1729965304882432478,175.0
2026-08-03,tiktok,1729734080264047053,164.0
2026-08-03,tiktok,1729831884319722437,170.0
2026-08-03,tiktok,1729804931852962443,89.0
2026-08-03,tiktok,1729991922128030287,250.0
2026-08-03,tiktok,1730103225797348317,686.0
2026-08-03,tiktok,1729751049451440517,10066.0
2026-08-03,tiktok,1729751049451440517,10066.0
2026-08-03,tiktok,1729904030997515084,459.0
2026-08-03,tiktok,1729634194432755927,1461.0
2026-08-03,tiktok,1729958590873569906,1547.0
2026-08-03,tiktok,1729922988096916288,7850.0
2026-08-03,tiktok,1729996988766456399,811.0
2026-08-03,tiktok,1729926940900035163,2882.0
2026-08-03,tiktok,1729652110978681625,2408.0
2026-08-03,tiktok,1729960702715202168,2356.0
2026-08-03,tiktok,1730368067924757460,462.0
2026-08-03,tiktok,1730033996831951813,313.0
2026-08-03,tiktok,1729930296270227691,215.0
2026-08-03,tiktok,1729930183477725419,11.0
2026-08-03,tiktok,1729794345322121497,44.0
2026-08-03,tiktok,1729556351320164567,54728.0
2026-08-03,tiktok,1729444886966536425,5729.0
2026-08-03,tiktok,1730258610087889687,2511.0
2026-08-03,tiktok,1730479442568054999,10336.0
2026-08-03,tiktok,1729993753383897325,634.0
2026-08-03,tiktok,1730073149725116625,506.0
2026-08-03,tiktok,1729643342180420241,5209.0
2026-08-03,tiktok,1729927101639789147,152.0
2026-08-03,tiktok,1729444900799154409,14864.0
2026-08-03,tiktok,1730434799840889123,5551.0
2026-08-03,tiktok,1730522263181822012,155.0
2026-08-03,tiktok,1729977179109558898,223.0
2026-08-03,tiktok,1731517704856636357,14.0
2026-08-03,tiktok,1731740214123334031,0.0
2026-08-03,tiktok,1730880185350916669,99534.0
2026-08-03,tiktok,1731497257234041435,78.0
2026-08-03,tiktok,1731698483034229339,11.0
2026-08-03,tiktok,1729965304882432478,175.0
2026-08-03,tiktok,1730859459279096286,96.0
2026-08-03,tiktok,1730818562011400596,13.0
2026-08-03,tiktok,1731334223432419901,328.0
2026-08-03,tiktok,1731062795244177728,95.0
2026-08-03,tiktok,1731030477165988362,4965.0
2026-08-03,tiktok,1730111571478612286,20.0
2026-08-03,tiktok,1731353980890942103,231.0
2026-08-03,tiktok,1731469561205656125,27.0
2026-08-03,tiktok,1731254437199317374,1251.0
2026-08-03,tiktok,1729801940354435687,24683.0
2026-08-03,tiktok,1731453424644687828,201.0
2026-08-03,tiktok,1731441760139183936,146.0
2026-08-03,tiktok,1731450236528329822,679.0
2026-08-03,tiktok,1731450938068731723,859.0
2026-08-03,tiktok,1730591377916922740,319.0
2026-08-03,tiktok,1731837081892783677,1346.0
2026-08-03,tiktok,1731633563796145184,39.0
2026-08-03,tiktok,1732121549638764146,505.0
2026-08-03,tiktok,1732013116882913190,258.0
2026-08-03,tiktok,1731573299959334822,143.0
2026-08-03,tiktok,1731573299959334822,143.0
2026-08-03,tiktok,1733548214986704806,43.0
2026-08-03,tiktok,1731482423759177638,20.0
2026-08-03,tiktok,1732216460250875483,150.0
2026-08-03,tiktok,1733278265527993550,12.0
2026-08-03,tiktok,1729588717466061644,4067.0
2026-08-03,tiktok,1729618191418035020,1869.0
2026-08-03,tiktok,1729636258774158199,1981.0
2026-08-03,tiktok,1729583495752879045,3507.0
2026-08-03,tiktok,1729627056114207685,2576.0
2026-08-03,tiktok,1729444900039395561,670.0
2026-08-03,tiktok,1730009586083990482,2727.0
2026-08-03,tiktok,1729444900384442601,659.0
2026-08-03,tiktok,1729656987045365780,1539.0
2026-08-03,tiktok,1729569265961568343,743.0
2026-08-03,tiktok,1729455148660263503,5309.0
2026-08-03,tiktok,1729626373498506059,4106.0
2026-08-03,tiktok,1729649689284807313,5446.0
2026-08-03,tiktok,1729641397959756402,792.0
2026-08-03,tiktok,1729634080462048119,285.0
2026-08-03,tiktok,1729641405515532914,2121.0
2026-08-03,tiktok,1729641295042087556,269.0
2026-08-03,tiktok,1729642992612182673,584.0
2026-08-03,tiktok,1729652969438546381,65.0
2026-08-03,tiktok,1729633380209494405,630.0
2026-08-03,tiktok,1729976866715699827,6119.0
2026-08-03,tiktok,1729546992432744729,21765.0
2026-08-03,tiktok,1730012777229879887,2081.0
2026-08-03,tiktok,1729615452459731595,23.0
2026-08-03,tiktok,1730138852572236619,5193.0
2026-08-03,tiktok,1729642462031415505,474.0
2026-08-03,tiktok,1730120264877640645,159.0
2026-08-03,tiktok,1730311907143486031,404.0
2026-08-03,tiktok,1730247221456570959,281.0
2026-08-03,tiktok,1729444900018948329,3042.0
2026-08-03,tiktok,1729577294275250263,402.0
2026-08-03,tiktok,1730119646851467855,2162.0
2026-08-03,tiktok,1729635662886898496,6469.0
2026-08-03,tiktok,1729444900384442601,659.0
2026-08-03,tiktok,1729637745794780101,3654.0
2026-08-03,tiktok,1730119127366535759,795.0
2026-08-03,tiktok,1729642579459541201,977.0
2026-08-03,tiktok,1729641794914388521,1973.0
2026-08-03,tiktok,1729641794914388521,1973.0
2026-08-03,tiktok,1729544015997733458,97.0
2026-08-03,tiktok,1729578512201255515,4950.0
2026-08-03,tiktok,1730139714447510336,1338.0
2026-08-03,tiktok,1729649719621684032,1678.0
2026-08-03,tiktok,1730389763800075220,356.0
2026-08-03,tiktok,1730652581730487104,329.0
2026-08-03,tiktok,1730120239701789637,126.0
2026-08-03,tiktok,1730155102982539867,729.0
2026-08-03,tiktok,1730136437317733196,36.0
2026-08-03,tiktok,1730136437317733196,36.0
2026-08-03,tiktok,1729671990368439250,496.0
2026-08-03,tiktok,1730363906970126985,526.0
2026-08-03,tiktok,1731321396587956616,2.0
2026-08-03,tiktok,1730509379569748437,1.0
2026-08-03,tiktok,1731165500041562266,20.0
2026-08-03,tiktok,1730885960779205401,1796.0
2026-08-03,tiktok,1729569809728375017,1627.0
2026-08-03,tiktok,1731184936654244633,1477.0
2026-08-03,tiktok,1730885960563788009,640.0
2026-08-03,tiktok,1730226424657906080,3.0
2026-08-03,tiktok,1731496849137633883,83.0
2026-08-03,tiktok,1729886819439577691,4693.0
2026-08-03,tiktok,1730926974492117905,22.0
2026-08-03,tiktok,1730131703251176337,38.0
2026-08-03,tiktok,1731209286850153090,92.0
2026-08-03,tiktok,1731404020416743437,450.0
2026-08-03,tiktok,1731487620865034884,143.0
2026-08-03,tiktok,1731353949660285591,223.0
2026-08-03,tiktok,1731312780499585307,523.0
2026-08-03,tiktok,1730435469143083650,89.0
2026-08-03,tiktok,1730378041977899988,258.0
2026-08-03,tiktok,1730457354531081172,173.0
2026-08-03,tiktok,1730653576024067028,127.0
2026-08-03,tiktok,1730397072391243796,23.0
2026-08-03,tiktok,1730871433101740325,58.0
2026-08-03,tiktok,1730688498574264889,91.0
2026-08-03,tiktok,1730724514207992085,9555.0
2026-08-03,tiktok,1731040398461929969,1485.0
2026-08-03,tiktok,1731744565057325812,174.0
2026-08-03,tiktok,1729644694666054021,94.0
2026-08-03,tiktok,1729649858296056364,3.0
2026-08-03,tiktok,1730000584397391959,21.0
2026-08-03,tiktok,1730586051103329236,9.0
2026-08-03,tiktok,1730851441396320734,75.0
2026-08-03,tiktok,1729965340721056222,83.0
2026-08-03,tiktok,1731787187977554523,6.0
2026-08-03,tiktok,1730737884686354526,193.0
2026-08-03,tiktok,1730737650544445534,555.0
2026-08-03,tiktok,1730127479494249074,596.0
2026-08-03,tiktok,1731671912968391259,8.0
2026-08-03,tiktok,1731053231074412623,41.0
2026-08-03,tiktok,1730673594279627378,164.0
2026-08-03,tiktok,1729908654493304911,4.0
2026-08-03,tiktok,1729794251342121039,22.0
2026-08-03,tiktok,1731153132918507869,332.0
2026-08-03,tiktok,1730737654029060190,6796.0
2026-08-03,tiktok,1731286171162806845,9848.0
2026-08-03,tiktok,1730457696723765436,24.0
2026-08-03,tiktok,1731062795244177728,95.0
2026-08-03,tiktok,1729730822825675212,22.0
2026-08-03,tiktok,1730872489334311006,968.0
2026-08-03,tiktok,1730659412542851663,262.0
2026-08-03,tiktok,1730162341241785187,580.0
2026-08-03,tiktok,1730138476448549145,22027.0
2026-08-03,tiktok,1731813803902798729,141.0
2026-08-03,tiktok,1729620171847076672,67.0
2026-08-03,tiktok,1729851348044843736,10.0
2026-08-03,tiktok,1731787790508591677,945.0
2026-08-03,tiktok,1730652372214450779,220.0
2026-08-03,tiktok,1730737614017235038,1024.0
2026-08-03,tiktok,1731423709460793254,98.0
2026-08-03,tiktok,1729624980836944704,341.0
2026-08-03,tiktok,1730740753502538571,5326.0
2026-08-03,tiktok,1729557638350145751,65.0
2026-08-03,tiktok,1729624485363485504,102.0
2026-08-03,tiktok,1730358132472777536,83.0
2026-08-03,tiktok,1730730542599146063,992.0
2026-08-03,tiktok,1729721098490383168,54.0
2026-08-03,tiktok,1730371608506370127,25.0
2026-08-03,tiktok,1729734391595502090,469.0
2026-08-03,tiktok,1730759657278638632,15.0
2026-08-03,tiktok,1730707504894151259,152.0
2026-08-03,tiktok,1730737277752281661,38.0
2026-08-03,tiktok,1729623642408716861,8.0
2026-08-03,tiktok,1730341727271815741,37.0
2026-08-03,tiktok,1730738092889049182,684.0
2026-08-03,tiktok,1730355279733754420,2.0
2026-08-03,tiktok,1730315951031683092,13.0
2026-08-03,tiktok,1729998649900829482,1.0
2026-08-03,tiktok,1729661244754594356,3.0
2026-08-03,tiktok,1730735216365439956,89.0
2026-08-03,tiktok,1729632437657701075,1018.0
2026-08-03,tiktok,1730622197501429780,7.0
2026-08-03,tiktok,1730733893174528832,1084.0
2026-08-03,tiktok,1730726768386280050,756.0
2026-08-03,tiktok,1730742674751588943,328.0
2026-08-03,tiktok,1729611077265558469,3137.0
2026-08-03,tiktok,1729636263619169143,511.0
2026-08-03,tiktok,1729689574329715575,413.0
2026-08-03,tiktok,1729589804150262706,303.0
2026-08-03,tiktok,1730111675929168715,3146.0
2026-08-03,tiktok,1729714221455149445,458.0
2026-08-03,tiktok,1730124240855665266,819.0
2026-08-03,tiktok,1730252339941182072,595.0
2026-08-03,tiktok,1729589949647915397,2319.0
2026-08-03,tiktok,1729634380612930127,1372.0
2026-08-03,tiktok,1729587651637381723,11563.0
2026-08-03,tiktok,1730291647112711119,4.0
2026-08-03,tiktok,1729712652041358292,1638.0
2026-08-03,tiktok,1729589628646886065,73.0
2026-08-03,tiktok,1730703291138214804,13.0
2026-08-03,tiktok,1729589301922663244,33.0
2026-08-03,tiktok,1729756670799088581,5186.0
2026-08-03,tiktok,1729742291265620571,2138.0
2026-08-03,tiktok,1729740599463479577,7053.0
2026-08-03,tiktok,1729677967057914699,4.0
2026-08-03,tiktok,1729620334739163968,520.0
2026-08-03,tiktok,1729620339410766656,8.0
2026-08-03,tiktok,1729736292822321385,1876.0
2026-08-03,tiktok,1730229141689829603,29.0
2026-08-03,tiktok,1730240559542536473,6583.0
2026-08-03,tiktok,1730087148683430277,494.0
2026-08-03,tiktok,1729948461742852648,15.0
2026-08-03,tiktok,1730530163220383804,9.0
2026-08-03,tiktok,1729962461881076190,61.0
2026-08-03,tiktok,1730418316944705630,7.0
2026-08-03,tiktok,1730738089492908126,4137.0
2026-08-03,tiktok,1730276602216155345,1514.0
2026-08-03,tiktok,1730000070233655887,2680.0
2026-08-03,tiktok,1729557629533063383,172.0
2026-08-03,tiktok,1729671849340865490,316.0
2026-08-03,tiktok,1730002800796207947,2730.0
2026-08-03,tiktok,1729620083772328625,64.0
2026-08-03,tiktok,1730003835747077061,276.0
2026-08-03,tiktok,1729617895507790656,151.0
2026-08-03,tiktok,1729999981778144064,3858.0
2026-08-03,tiktok,1729642920263322257,2773.0
2026-08-03,tiktok,1730029145752963915,72.0
2026-08-03,tiktok,1729778478941965175,24.0
2026-08-03,tiktok,1729616060885142077,32.0
2026-08-03,tiktok,1730003015914785157,27.0
2026-08-03,tiktok,1729696356027894725,12.0
2026-08-03,tiktok,1729641777232251089,812.0
2026-08-03,tiktok,1729557635678832855,182.0
2026-08-03,tiktok,1730059524878404573,102.0
2026-08-03,tiktok,1729620302705888064,21.0
2026-08-03,tiktok,1730370152676886701,2.0
2026-08-03,tiktok,1730294757881448542,6.0
2026-08-03,tiktok,1730206714945243709,5.0
2026-08-03,tiktok,1729615596832393733,201.0
2026-08-03,tiktok,1729620330687793984,13.0
2026-08-03,tiktok,1730389465673731028,23.0
2026-08-03,tiktok,1730530157182093372,26.0
2026-08-03,tiktok,1730010822478432859,18.0
2026-08-03,tiktok,1729999980518410872,485.0
2026-08-03,tiktok,1730913139734121428,933.0
2026-08-03,tiktok,1730881871410268638,132.0
2026-08-03,tiktok,1730724127388895881,90.0
2026-08-03,tiktok,1729612687844346699,23.0
2026-08-03,tiktok,1729672027004570578,662.0
2026-08-03,tiktok,1729590936798727090,1016.0
2026-08-03,tiktok,1730002792276069195,4568.0
2026-08-03,tiktok,1729672032294964178,167.0
2026-08-03,tiktok,1730004235636738639,3898.0
2026-08-03,tiktok,1729701858761214839,227.0
2026-08-03,tiktok,1730005192922794054,277.0
2026-08-03,tiktok,1730116426139601885,97.0
2026-08-03,tiktok,1729620197565565760,102.0
2026-08-03,tiktok,1729620176074607424,38.0
2026-08-03,tiktok,1729643575142877393,2709.0
2026-08-03,tiktok,1730011408804711365,947.0
2026-08-03,tiktok,1729590619382188978,723.0
2026-08-03,tiktok,1730002801011559026,2213.0
2026-08-03,tiktok,1729672026220891090,730.0
2026-08-03,tiktok,1730214585906465394,258.0
2026-08-03,tiktok,1730214619594590834,660.0
2026-08-03,tiktok,1729652110978681625,2408.0
2026-08-03,tiktok,1731767585569540364,35.0
2026-08-03,tiktok,1731354138589300338,600.0
2026-08-03,tiktok,1730807324815035039,121.0
2026-08-03,tiktok,1731198187159062801,1768.0
2026-08-03,tiktok,1730092830409067104,3.0
2026-08-03,tiktok,1729581700264856074,934.0
2026-08-03,tiktok,1729637554430184256,9.0
2026-08-03,tiktok,1729673293957663552,917.0
2026-08-03,tiktok,1729676775327762824,47.0
2026-08-03,tiktok,1730467917146459092,1124.0
2026-08-03,tiktok,1730144765588900431,216.0
2026-08-03,tiktok,1729738815679269496,3.0
2026-08-03,tiktok,1729788890452297807,4.0
2026-08-03,tiktok,1730819760758163860,54.0
2026-08-03,tiktok,1730392491577936394,1945.0
2026-08-03,tiktok,1729743923166350156,336.0
2026-08-03,tiktok,1729745833834416960,1308.0
2026-08-03,tiktok,1729752468152027979,456.0
2026-08-03,tiktok,1730014605364267599,1748.0
2026-08-03,tiktok,1729616846959971147,68.0
2026-08-03,tiktok,1729544284934015498,2959.0
2026-08-03,tiktok,1730069172953385533,11.0
2026-08-03,tiktok,1730377530698861524,858.0
2026-08-03,tiktok,1730589658050300884,44.0
2026-08-03,tiktok,1729596322737260933,160.0
2026-08-03,tiktok,1729641766622825105,2903.0
2026-08-03,tiktok,1729626297439456064,60.0
2026-08-03,tiktok,1729671851640196050,29.0
2026-08-03,tiktok,1730005650837899985,6.0
2026-08-03,tiktok,1730239217521757125,51.0
2026-08-03,tiktok,1730512424082835747,469.0
2026-08-03,tiktok,1730012726851963483,1216.0
2026-08-03,tiktok,1730378334992042964,440.0
2026-08-03,tiktok,1730530164638648380,57.0
2026-08-03,tiktok,1730059525916232669,74.0
2026-08-03,tiktok,1729636323485321605,142.0
2026-08-03,tiktok,1730406488444537797,300.0
2026-08-03,tiktok,1730530172827371580,10.0
2026-08-03,tiktok,1730001477604838208,1462.0
2026-08-03,tiktok,1730002776947264120,2005.0
2026-08-03,tiktok,1730269023731026472,6.0
2026-08-03,tiktok,1730405892146497773,78.0
2026-08-03,tiktok,1730589848634821588,102.0
2026-08-03,tiktok,1730434900781992227,5150.0
2026-08-03,tiktok,1730771617927694430,2574.0
2026-08-03,tiktok,1730735759107721819,320.0
2026-08-03,tiktok,1731787607487973979,20.0
2026-08-03,tiktok,1729623912910850880,167.0
2026-08-03,tiktok,1729790586471614543,14.0
2026-08-03,tiktok,1729620392162724672,4.0
2026-08-03,tiktok,1731044304203451333,55.0
2026-08-03,tiktok,1730726814141811314,471.0
2026-08-03,tiktok,1730735825548642895,850.0
2026-08-03,tiktok,1730814588131772510,777.0
2026-08-03,tiktok,1730741762143259467,7886.0
2026-08-03,tiktok,1730833004864375262,90.0
2026-08-03,tiktok,1730733941666777920,1792.0
2026-08-03,tiktok,1730747040358697940,315.0
2026-08-03,tiktok,1730747463954828108,3.0
2026-08-03,tiktok,1731146173844719770,11.0
2026-08-03,tiktok,1731767816233060508,1.0
2026-08-03,tiktok,1730492282755451723,120.0
2026-08-03,tiktok,1730914284537744203,49.0
2026-08-03,tiktok,1731406783081515599,17.0
2026-08-03,tiktok,1731699829401422667,530.0
2026-08-03,tiktok,1731855953241213771,246.0
2026-08-03,tiktok,1730927901788047983,560.0
2026-08-03,tiktok,1731199820756585291,220.0
2026-08-03,tiktok,1731164021356071503,212.0
2026-08-03,tiktok,1731248024573086174,77.0
2026-08-03,tiktok,1731233240945888119,26.0
2026-08-03,tiktok,1731225880079076195,3.0
2026-08-03,tiktok,1729620350917118784,153.0
2026-08-03,tiktok,1731187158792768211,1.0
2026-08-03,tiktok,1729788990283941967,15.0
2026-08-03,tiktok,1729998647115877162,10.0
2026-08-03,tiktok,1729788987485816911,79.0
2026-08-03,tiktok,1730012565989198405,10.0
2026-08-03,tiktok,1730016682885155397,6.0
2026-08-03,tiktok,1729719973836851367,14.0
2026-08-03,tiktok,1729589993076394662,1.0
2026-08-03,tiktok,1729645146311723686,1.0
2026-08-03,tiktok,1729672376335371072,20.0
2026-08-03,tiktok,1729590003813157104,4.0
2026-08-03,tiktok,1731356791860464339,0.0
2026-08-03,tiktok,1730568222229104710,0.0
2026-08-03,tiktok,1731545656998463834,0.0
2026-08-03,tiktok,1729589945945524464,6.0
2026-08-03,tiktok,1729766560015878738,0.0
2026-08-03,tiktok,1730056785575316179,0.0
2026-08-03,tiktok,1729590023965346470,3.0
2026-08-03,tiktok,1730716220424751698,0.0
2026-08-03,tiktok,1731099412667927424,0.0
2026-08-03,tiktok,1729789087980488973,1.0
2026-08-03,tiktok,1731524490270116047,0.0
2026-08-03,tiktok,1729663134506584369,28.0
2026-08-03,tiktok,1731446973752903943,0.0
2026-08-03,tiktok,1731404201069742385,5.0
2026-08-03,tiktok,1729833485667699362,4.0
2026-08-03,tiktok,1731375203236612631,1065.0
2026-08-03,tiktok,1729642438658394321,897.0
2026-08-03,tiktok,1731863435085450059,45.0
2026-08-03,tiktok,1729638787504507537,5278.0
2026-08-03,tiktok,1731857900512905807,263.0
2026-08-03,tiktok,1729721510014847819,44.0
2026-08-03,tiktok,1731871314459593669,172.0
2026-08-03,tiktok,1731857927529466447,136.0
2026-08-03,tiktok,1731082014423419483,152.0
2026-08-03,tiktok,1731871972060138437,76.0
2026-08-03,tiktok,1731871972060138437,76.0
2026-08-03,tiktok,1731865674915023474,657.0
2026-08-03,tiktok,1731375203236612631,1065.0
2026-08-03,tiktok,1729620358137744192,84.0
2026-08-03,tiktok,1729574990533724682,518.0
2026-08-03,tiktok,1729574993171089930,1052.0
2026-08-03,tiktok,1732247597969345085,2530.0
2026-08-03,tiktok,1731867407030651483,284.0
2026-08-03,tiktok,1731867176783939678,243.0
2026-08-03,tiktok,1731872180816088005,59.0
2026-08-03,tiktok,1729663134506584369,28.0
2026-08-03,tiktok,1731404201069742385,5.0
2026-08-03,tiktok,1731184657749740352,1116.0
2026-08-03,tiktok,1729620358137744192,84.0
2026-08-03,tiktok,1731872180816088005,59.0
2026-08-03,tiktok,1732643231377098331,38.0
2026-08-03,tiktok,1731373716798212387,1632.0
2026-08-03,tiktok,1732698492061058142,240.0
2026-08-03,tiktok,1730312716734204747,35.0
2026-08-03,tiktok,1732723435101455516,28.0
2026-08-03,tiktok,1732983128391386703,187.0
2026-08-03,tiktok,1732281431689234034,29.0
2026-08-03,tiktok,1731488807461684412,23.0
2026-08-03,tiktok,1729672021578976210,1405.0
2026-08-03,tiktok,1730011407272807365,137.0
2026-08-03,tiktok,1729609444140878397,27.0
2026-08-03,tiktok,1730000061040462415,482.0
2026-08-03,tiktok,1729636704439076965,123.0
2026-08-03,tiktok,1729833018360039633,153.0
2026-08-03,tiktok,1729615512337484293,28.0
2026-08-03,tiktok,1729615601618946565,92.0
2026-08-03,tiktok,1730002959433501515,871.0
2026-08-03,tiktok,1730019639320676955,463.0
2026-08-03,tiktok,1730003715896805765,41.0
2026-08-03,tiktok,1730004288154929996,10.0
2026-08-03,tiktok,1729652536301161291,8.0
2026-08-03,tiktok,1730076426931899212,80.0
2026-08-03,tiktok,1730003452120566647,25.0
2026-08-03,tiktok,1729653947535034595,8.0
2026-08-03,tiktok,1729511039225333993,5763.0
2026-08-03,tiktok,1729652112080145177,7212.0
2026-08-03,tiktok,1730002797468682866,182.0
2026-08-03,tiktok,1729429130322283276,3060.0
2026-08-03,tiktok,1730019543926278747,473.0
2026-08-03,tiktok,1730224896440043687,4.0
2026-08-03,tiktok,1730064704955779307,1.0
2026-08-03,tiktok,1730203106346240997,35.0
2026-08-03,tiktok,1730090023987743552,122.0
2026-08-03,tiktok,1730556334106708948,56.0
2026-08-03,tiktok,1730003465867004185,8241.0
2026-08-03,tiktok,1729435453822568965,119.0
2026-08-03,tiktok,1729523836930918789,30.0
2026-08-03,tiktok,1729435573670218354,25.0
2026-08-03,tiktok,1729618992247245590,323.0
2026-08-03,tiktok,1729636163335063767,518.0
2026-08-03,tiktok,1729674001403317202,297.0
2026-08-03,tiktok,1730012590874135371,1573.0
2026-08-03,tiktok,1729589055745788748,55.0
2026-08-03,tiktok,1730010817346243151,1393.0
2026-08-03,tiktok,1730226321420028320,77.0
2026-08-03,tiktok,1730017355221601046,48.0
2026-08-03,tiktok,1729512064994740613,310.0
2026-08-03,tiktok,1730033159103286213,378.0
2026-08-03,tiktok,1730012253614082651,375.0
2026-08-03,tiktok,1730530155299375164,21.0
2026-08-03,tiktok,1730008039763053135,23.0
2026-08-03,tiktok,1730923168790448433,10.0
2026-08-03,tiktok,1730011524364077943,115.0
2026-08-03,tiktok,1729614798605093381,1160.0
2026-08-03,tiktok,1729817528491084009,750.0
2026-08-03,tiktok,1730034025772059227,474.0
2026-08-03,tiktok,1730032420445391691,1183.0
2026-08-03,tiktok,1729576644441180786,47.0
2026-08-03,tiktok,1730040596919585655,104.0
2026-08-03,tiktok,1729983764471581266,20.0
2026-08-03,tiktok,1729634592889342584,18.0
2026-08-03,tiktok,1730027400984234610,174.0
2026-08-03,tiktok,1729653741459835723,19.0
2026-08-03,tiktok,1729744063999346915,9.0
2026-08-03,tiktok,1730033157880843205,88.0
2026-08-03,tiktok,1729817609904294754,470.0
2026-08-03,tiktok,1729668807547587133,6.0
2026-08-03,tiktok,1729815409559243035,123.0
2026-08-03,tiktok,1730357273346214545,60.0
2026-08-03,tiktok,1730031793946790520,110.0
2026-08-03,tiktok,1730663474647566858,435.0
2026-08-03,tiktok,1729817605777099545,356.0
2026-08-03,tiktok,1729582090933668514,7.0
2026-08-03,tiktok,1730142249478621502,5.0
2026-08-03,tiktok,1730414289956801103,120.0
2026-08-03,tiktok,1730865143524329566,311.0
2026-08-03,tiktok,1730390195006573524,42.0
2026-08-03,tiktok,1730145676421401202,8.0
2026-08-03,tiktok,1729581713991960586,22.0
2026-08-03,tiktok,1729634614835383115,23.0
2026-08-03,tiktok,1730061250027555419,389.0
2026-08-03,tiktok,1729961755505101426,269.0
2026-08-03,tiktok,1729615595883825669,9.0
2026-08-03,tiktok,1729969411900475673,2022.0
2026-08-03,tiktok,1729714735716993833,7.0
2026-08-03,tiktok,1729991991718414927,367.0
2026-08-03,tiktok,1730144765588900431,216.0
2026-08-03,tiktok,1729964030730799656,7.0
2026-08-03,tiktok,1729776530604001852,214.0
2026-08-03,tiktok,1730316058400753684,26.0
2026-08-03,tiktok,1729796869946706077,8.0
2026-08-03,tiktok,1729580215137765765,840.0
2026-08-03,tiktok,1730545151099374412,9.0
2026-08-03,tiktok,1730095046820727616,87.0
2026-08-03,tiktok,1730390366729505748,19.0
2026-08-03,tiktok,1730201946197559614,4.0
2026-08-03,tiktok,1729755114148104279,49.0
2026-08-03,tiktok,1729435574508161650,44.0
2026-08-03,tiktok,1730697146916178225,5.0
2026-08-03,tiktok,1730390366729505748,19.0
2026-08-03,tiktok,1729670781708372630,20235.0
2026-08-03,tiktok,1729485519985150341,1595.0
2026-08-03,tiktok,1729601466665503375,606.0
2026-08-03,tiktok,1729670890541123949,635.0
2026-08-03,tiktok,1730008827060128347,587.0
2026-08-03,tiktok,1730030235509296069,747.0
2026-08-03,tiktok,1729588791419046001,32.0
2026-08-03,tiktok,1730011542474558327,117.0
2026-08-03,tiktok,1729730089108277890,5877.0
2026-08-03,tiktok,1729736702516103436,40.0
2026-08-03,tiktok,1730027414559623794,177.0
2026-08-03,tiktok,1729672141992070098,35.0
2026-08-03,tiktok,1730009540292938571,524.0
2026-08-03,tiktok,1729689881713740165,914.0
2026-08-03,tiktok,1730004381337553740,52.0
2026-08-03,tiktok,1730010816599853647,409.0
2026-08-03,tiktok,1729641800614578729,107.0
2026-08-03,tiktok,1729670823366331329,1488.0
2026-08-03,tiktok,1729641771244685865,61.0
2026-08-03,tiktok,1729636323052980613,13.0
2026-08-03,tiktok,1729594177267599747,63.0
2026-08-03,tiktok,1729958713549883486,87.0
2026-08-03,tiktok,1730255794384112448,215.0
2026-08-03,tiktok,1730368525197937302,437.0
2026-08-03,tiktok,1730116441696209885,40.0
2026-08-03,tiktok,1730382473072774100,125.0
2026-08-03,tiktok,1729774089556298358,2552.0
2026-08-03,tiktok,1729590727425428402,46.0
2026-08-03,tiktok,1730737034391357915,1800.0
2026-08-03,tiktok,1730743180341250142,597.0
2026-08-03,tiktok,1730429191208864399,10.0
2026-08-03,tiktok,1730807072291064713,1805.0
2026-08-03,tiktok,1731404057034131749,19.0
2026-08-03,tiktok,1731353966721206935,148.0
2026-08-03,tiktok,1731159371218061466,14.0
2026-08-03,tiktok,1731586618708560475,4.0
2026-08-03,tiktok,1730009540292938571,524.0
2026-08-03,tiktok,1731056900901275727,20.0
2026-08-03,tiktok,1729772677362846268,606.0
2026-08-03,tiktok,1729778474782657224,48.0
2026-08-03,tiktok,1729656591863024454,44.0
2026-08-03,tiktok,1731035390463412399,281.0
2026-08-03,tiktok,1731277901587319536,8.0
2026-08-03,tiktok,1730010816599853647,409.0
2026-08-03,tiktok,1730087021967411511,4987.0
2026-08-03,tiktok,1729740849165731955,13375.0
2026-08-03,tiktok,1729778502951995919,11565.0
2026-08-03,tiktok,1730210249814477111,65.0
2026-08-03,tiktok,1731034772620871998,336.0
2026-08-03,tiktok,1731068431117552581,425.0
2026-08-03,tiktok,1731127163306149967,38.0
2026-08-03,tiktok,1731031586777369408,314.0
2026-08-03,tiktok,1729782872276043855,2.0
2026-08-03,tiktok,1731038279132285771,579.0
2026-08-03,tiktok,1729608100965288410,194.0
2026-08-03,tiktok,1729661063127992757,7.0
2026-08-03,tiktok,1730410167330965583,20.0
2026-08-03,tiktok,1731056735885626231,22.0
2026-08-03,tiktok,1731091959814327272,3.0
2026-08-03,tiktok,1729593938378787659,36.0
2026-08-03,tiktok,1731099042569750716,7.0
2026-08-03,tiktok,1731060618098018930,1776.0
2026-08-03,tiktok,1731084860465252422,412.0
2026-08-03,tiktok,1731429912244488102,78.0
2026-08-03,tiktok,1729619755166173826,58815.0
2026-08-03,tiktok,1729452885835811458,16992.0
2026-08-03,tiktok,1729689564815395703,671.0
2026-08-03,tiktok,1729720891345897861,166.0
2026-08-03,tiktok,1729742695060506929,28.0
2026-08-03,tiktok,1729745099378952653,10.0
2026-08-03,tiktok,1729670659259533911,11.0
2026-08-03,tiktok,1729651406436862594,10836.0
2026-08-03,tiktok,1729713581761989554,40.0
2026-08-03,tiktok,1729612624872573939,7074.0
2026-08-03,tiktok,1729444791202121961,205.0
2026-08-03,tiktok,1729794054486263887,8.0
2026-08-03,tiktok,1730360548937599956,882.0
2026-08-03,tiktok,1730317712918481499,588.0
2026-08-03,tiktok,1729618756326427277,144.0
2026-08-03,tiktok,1729956303435958899,123.0
2026-08-03,tiktok,1730484411334363727,384.0
2026-08-03,tiktok,1729684073660255186,14.0
2026-08-03,tiktok,1730327798134311503,124.0
2026-08-03,tiktok,1730556385247529803,372.0
2026-08-03,tiktok,1730570322253548485,418.0
2026-08-03,tiktok,1729673295153892160,385.0
2026-08-03,tiktok,1730546460138244699,1459.0
2026-08-03,tiktok,1730556296818821963,401.0
2026-08-03,tiktok,1730372250633735124,36.0
2026-08-03,tiktok,1730570417919462341,99.0
2026-08-03,tiktok,1730691562960816966,47.0
2026-08-03,tiktok,1730390365178727243,68.0
2026-08-03,tiktok,1730554310224874063,204.0
2026-08-03,tiktok,1730340865356106693,7.0
2026-08-03,tiktok,1730697864903428798,1819.0
2026-08-03,tiktok,1730697671966362302,94.0
2026-08-03,tiktok,1730697578533259966,301.0
2026-08-03,tiktok,1730664766543596222,1100.0
2026-08-03,tiktok,1730664747092445886,136.0
2026-08-03,tiktok,1730561224988658644,200.0
2026-08-03,tiktok,1729757693225240646,41.0
2026-08-03,tiktok,1730739757208865371,185.0
2026-08-03,tiktok,1730782283966745419,152.0
2026-08-03,tiktok,1730410071708044096,12.0
2026-08-03,tiktok,1730736368273623878,13.0
2026-08-03,tiktok,1730859267344796126,20.0
2026-08-03,tiktok,1730781361733602167,15.0
2026-08-03,tiktok,1730546460138244699,1459.0
2026-08-03,tiktok,1730774714294831695,154.0
2026-08-03,tiktok,1729760246540044367,11.0
2026-08-03,tiktok,1729829474885339864,16.0
2026-08-03,tiktok,1730735684132243857,928.0
2026-08-03,tiktok,1730872075000908619,20.0
2026-08-03,tiktok,1730738108179384414,505.0
2026-08-03,tiktok,1730663996836383700,233.0
2026-08-03,tiktok,1730003422786455833,19.0
2026-08-03,tiktok,1729642343462045797,54.0
2026-08-03,tiktok,1731885769374730668,45.0
2026-08-03,tiktok,1730784654126451314,16.0
2026-08-03,tiktok,1730327129802181452,17.0
2026-08-03,tiktok,1730738108179384414,505.0
2026-08-03,tiktok,1729582853595499013,2954.0
2026-08-03,tiktok,1729611077265558469,3137.0
2026-08-03,tiktok,1729683638020573787,1349.0
2026-08-03,tiktok,1729420537683675916,1710.0
2026-08-03,tiktok,1729589985407109911,258.0
2026-08-03,tiktok,1729569053458270295,230.0
2026-08-03,tiktok,1729565655328131863,108.0
2026-08-03,tiktok,1730024006275402571,4104.0
2026-08-03,tiktok,1729852773281205199,23.0
2026-08-03,tiktok,1730122542091569743,1191.0
2026-08-03,tiktok,1729995064826628669,5.0
2026-08-03,tiktok,1730206598814665022,12.0
2026-08-03,tiktok,1729573171251022466,7078.0
2026-08-03,tiktok,1730471216479766756,595.0
2026-08-03,tiktok,1730068455320619611,1931.0
2026-08-03,tiktok,1730120175293795269,2138.0
2026-08-03,tiktok,1730251144374225285,338.0
2026-08-03,tiktok,1730046320553593423,379.0
2026-08-03,tiktok,1730146212753542117,211.0
2026-08-03,tiktok,1729685839285815565,37.0
2026-08-03,tiktok,1730252339941182072,609.0
2026-08-03,tiktok,1729992902668618430,497.0
2026-08-03,tiktok,1729794977564690511,19.0
2026-08-03,tiktok,1730276666898876642,3726.0
2026-08-03,tiktok,1729737737403927158,1274.0
2026-08-03,tiktok,1730364342192605833,2742.0
2026-08-03,tiktok,1730584146595973728,331.0
2026-08-03,tiktok,1730064641991412460,36200.0
2026-08-03,tiktok,1729725523131861577,1236.0
2026-08-03,tiktok,1730042239680088896,586.0
2026-08-03,tiktok,1730157206228011102,21.0
2026-08-03,tiktok,1731399954678516303,1159.0
2026-08-03,tiktok,1731509467949337179,27.0
2026-08-03,tiktok,1730659766937422432,798.0
2026-08-03,tiktok,1731671824579397725,753.0
2026-08-03,tiktok,1731398768749283954,11736.0
2026-08-03,tiktok,1730819749141973396,3.0
2026-08-03,tiktok,1729626386424236875,1697.0
2026-08-03,tiktok,1730111675929168715,3149.0
2026-08-03,tiktok,1731030864129133066,1984.0
2026-08-03,tiktok,1731403241208384375,22.0
2026-08-03,tiktok,1730193887728732733,64.0
2026-08-03,tiktok,1732013761590101835,1111.0
2026-08-03,tiktok,1732132192099862107,447.0
2026-08-03,tiktok,1731341551896266331,304.0
2026-08-03,tiktok,1732025371355284574,867.0
2026-08-03,tiktok,1729670660024928918,3195.0
2026-08-03,tiktok,1729601200830712599,832.0
2026-08-03,tiktok,1729640805513923217,633.0
2026-08-03,tiktok,1729944245891336822,1309.0
2026-08-03,tiktok,1729905740872845885,439.0
2026-08-03,tiktok,1729905740872845885,439.0
2026-08-03,tiktok,1729878365654780641,447.0
2026-08-03,tiktok,1729979319565256924,212.0
2026-08-03,tiktok,1730032383915821899,1496.0
2026-08-03,tiktok,1729612856312630091,89.0
2026-08-03,tiktok,1729671998279945170,113.0
2026-08-03,tiktok,1729905994108537474,1316.0
2026-08-03,tiktok,1729980870295062917,106.0
2026-08-03,tiktok,1730027367218186866,1013.0
2026-08-03,tiktok,1730033235542968872,7.0
2026-08-03,tiktok,1730033140936772549,776.0
2026-08-03,tiktok,1730116131408808076,52.0
2026-08-03,tiktok,1730022789901879887,676.0
2026-08-03,tiktok,1730026389048363840,1085.0
2026-08-03,tiktok,1730039015194003526,117.0
2026-08-03,tiktok,1729878318104873951,1052.0
2026-08-03,tiktok,1730224910419462311,35.0
2026-08-03,tiktok,1730242843746601649,1.0
2026-08-03,tiktok,1730031801705794168,44.0
2026-08-03,tiktok,1730146409691777342,31.0
2026-08-03,tiktok,1729906005006387669,390.0
2026-08-03,tiktok,1729944245891336822,1309.0
2026-08-03,tiktok,1730391470548749277,12.0
2026-08-03,tiktok,1730570309193992783,353.0
2026-08-03,tiktok,1730530153834711100,9.0
2026-08-03,tiktok,1730519669487536517,18.0
2026-08-03,tiktok,1730530153709930556,4.0
2026-08-03,tiktok,1729801219970599145,440.0
2026-08-03,tiktok,1729622951591643968,244.0
2026-08-03,tiktok,1729801348433414937,593.0
2026-08-03,tiktok,1729491341162613125,155.0
2026-08-03,tiktok,1729515247552531212,329.0
2026-08-03,tiktok,1729944245891336822,1309.0
2026-08-03,tiktok,1730589792355060692,19.0
2026-08-03,tiktok,1730126150865160332,2261.0
2026-08-03,tiktok,1731092697684544211,2875.0
2026-08-03,tiktok,1731392372492700060,229.0
2026-08-03,tiktok,1730569382990154739,241.0
2026-08-03,tiktok,1731092697684544211,2875.0
2026-08-03,tiktok,1729618408002390405,96.0
2026-08-03,tiktok,1729640805513923217,633.0
2026-08-03,tiktok,1730737525747714142,1014.0
2026-08-03,tiktok,1730291645538273374,36.0
2026-08-03,tiktok,1730688147521702559,119.0
2026-08-03,tiktok,1731159253915502746,9.0
2026-08-03,tiktok,1730607177666431281,51.0
2026-08-03,tiktok,1730039015194003526,117.0
2026-08-03,tiktok,1730792169308915653,62.0
2026-08-03,tiktok,1731025927773588421,169.0
2026-08-03,tiktok,1731573600085641126,7.0
2026-08-03,tiktok,1732465333229356966,18.0
2026-08-03,tiktok,1731850848332711846,75.0
2026-08-03,tiktok,1731722551317990208,731.0
2026-08-03,tiktok,1729624980836944704,341.0
2026-08-03,tiktok,1731722998053243471,539.0
2026-08-03,tiktok,1731736825883035727,20.0
2026-08-03,tiktok,1733970430484186775,94.0
2026-08-03,tiktok,1730747830293072280,43.0
2026-08-03,tiktok,1730974675494930959,274.0
2026-08-03,tiktok,1731456073872934008,421.0
2026-08-03,tiktok,1733897975244425097,859.0
2026-08-03,tiktok,1734519353074026377,411.0
2026-08-03,tiktok,1734796679488832606,187.0
2026-08-03,tiktok,1731971289419516485,58.0
2026-08-03,tiktok,1730493307798850117,25.0
2026-08-03,tiktok,1730433822370531788,25.0
2026-08-03,tiktok,1735252016340502151,33.0
2026-08-03,tiktok,1734085361250239896,39.0
2026-08-03,tiktok,1734084704148030872,32.0
2026-08-03,tiktok,1731722455974774168,12.0
2026-08-03,tiktok,1731831142666175896,23.0
2026-08-03,tiktok,1732963046378603640,136.0
2026-08-03,tiktok,1733099970187003453,4.0
2026-08-03,tiktok,1735321147337246630,121.0
2026-08-03,tiktok,1735321129654387993,7.0
2026-08-03,tiktok,1735171798638364491,111.0
2026-08-03,tiktok,1734455026282956608,32.0
2026-08-03,tiktok,1734455368076855237,587.0
2026-08-03,tiktok,1734454160834135134,1746.0
2026-08-03,tiktok,1736233064210007613,119.0
2026-08-03,tiktok,1736278645695547273,43.0
2026-08-03,tiktok,1736278620549842583,21.0
2026-08-03,tiktok,1733970471009683095,425.0
2026-08-03,tiktok,1731587804812641943,228.0
2026-08-03,tiktok,1733999517273851543,344.0
2026-08-03,tiktok,1732870206137796247,52.0
2026-08-03,tiktok,1732106788172434071,18.0
2026-08-03,tiktok,1731683655809403543,140.0
2026-08-03,tiktok,1732064413092972183,28.0
2026-08-03,tiktok,1732032592123889303,75.0
2026-08-03,tiktok,1731528407107275415,73.0
2026-08-03,tiktok,1730225062461212899,10154.0
2026-08-03,tiktok,1731937073949476774,36.0
2026-08-03,tiktok,1731683899674692427,428.0
2026-08-03,tiktok,1731793056940526411,83.0
2026-08-03,tiktok,1732204024324523028,36.0
2026-08-03,tiktok,1735251435715265630,4.0
2026-08-03,tiktok,1732978412728059506,195.0
2026-08-03,tiktok,1730343796387580546,1639.0
2026-08-03,tiktok,1730220849902291586,428.0
2026-08-03,tiktok,1731492465163667305,1400.0
2026-08-03,tiktok,1731251313406478153,4353.0
2026-08-03,tiktok,1731710498699053150,267.0
2026-08-03,tiktok,1731777325997001351,123.0
2026-08-03,tiktok,1732020818789631910,103.0
2026-08-03,tiktok,1733348554690824186,98.0
2026-08-03,tiktok,1733965402848658829,2.0
2026-08-03,tiktok,1732206001221174845,2116.0
2026-08-03,tiktok,1733884497088710205,947.0
2026-08-03,tiktok,1735875324398831165,48.0
2026-08-03,tiktok,1732207351161259655,168.0
2026-08-03,tiktok,1735759948595431047,23.0
2026-08-03,tiktok,1734937821980821127,149.0
2026-08-03,tiktok,1732206523570620297,169.0
2026-08-03,tiktok,1731313188214901641,517.0
2026-08-03,tiktok,1733970371990095511,70.0
2026-08-03,tiktok,1732784475653441477,12.0
2026-08-03,tiktok,1733137519889581659,10.0
2026-08-03,tiktok,1730807059436243849,1116.0
2026-08-03,tiktok,1731790411142695485,555.0
2026-08-03,tiktok,1731792832173214359,16.0
2026-08-03,tiktok,1734002934533817801,723.0
2026-08-03,tiktok,1733546576304899084,255.0
2026-08-03,tiktok,1730493485803669730,242.0
2026-08-03,tiktok,1729844878478969041,612.0
2026-08-03,tiktok,1731237898221750943,155.0
2026-08-03,tiktok,1733193160239252985,293.0
2026-08-03,tiktok,1732133828628744576,117.0
2026-08-03,tiktok,1732208429647825107,101.0
2026-08-03,tiktok,1729435202515864178,13.0
2026-08-03,tiktok,1729444896294340841,10076.0
2026-08-03,tiktok,1729481053471738089,31.0
2026-08-03,tiktok,1729545215740643970,5882.0
2026-08-03,tiktok,1729548260865182338,7999.0
2026-08-03,tiktok,1729555865912314161,40.0
2026-08-03,tiktok,1729569067400792151,5.0
2026-08-03,tiktok,1729588162331118210,235.0
2026-08-03,tiktok,1729590889302952882,5867.0
2026-08-03,tiktok,1729591862726396748,105.0
2026-08-03,tiktok,1729595884568283363,90.0
2026-08-03,tiktok,1729600115910740273,9.0
2026-08-03,tiktok,1729600173958531594,844.0
2026-08-03,tiktok,1729600584200259671,43.0
2026-08-03,tiktok,1729601887472224778,21.0
2026-08-03,tiktok,1729612885451901771,112.0
2026-08-03,tiktok,1729614699646388529,227.0
2026-08-03,tiktok,1729615157248625157,4262.0
2026-08-03,tiktok,1729618601594293092,26.0
2026-08-03,tiktok,1729619086361659909,46.0
2026-08-03,tiktok,1729620331463281157,47.0
2026-08-03,tiktok,1729623678104078973,0.0
2026-08-03,tiktok,1729626720032361216,399.0
2026-08-03,tiktok,1729634204323252439,483.0
2026-08-03,tiktok,1729635147256334853,79350.0
2026-08-03,tiktok,1729635623161531010,217.0
2026-08-03,tiktok,1729640476631992960,3490.0
2026-08-03,tiktok,1729643001048631953,736.0
2026-08-03,tiktok,1729643054902971025,1126.0
2026-08-03,tiktok,1729643340227643973,13.0
2026-08-03,tiktok,1729643471780022481,1078.0
2026-08-03,tiktok,1729643486437476561,405.0
2026-08-03,tiktok,1729646191722137809,395.0
2026-08-03,tiktok,1729646912979765267,657.0
2026-08-03,tiktok,1729648061886466251,5.0
2026-08-03,tiktok,1729650132422724377,23.0
2026-08-03,tiktok,1729650799624293145,1430.0
2026-08-03,tiktok,1729651468410194713,1717.0
2026-08-03,tiktok,1729655406478133475,58.0
2026-08-03,tiktok,1729655411996526819,30.0
2026-08-03,tiktok,1729657054246112098,4.0
2026-08-03,tiktok,1729658937701206601,27.0
2026-08-03,tiktok,1729665065662318981,430.0
2026-08-03,tiktok,1729666573638797879,0.0
2026-08-03,tiktok,1729666576409266743,0.0
2026-08-03,tiktok,1729671167294082002,224825.0
2026-08-03,tiktok,1729685816801069888,3.0
2026-08-03,tiktok,1729688261523835845,2012.0
2026-08-03,tiktok,1729689318243469814,116.0
2026-08-03,tiktok,1729691619025521483,33.0
2026-08-03,tiktok,1729698301667281519,3089.0
2026-08-03,tiktok,1729706329442585149,2.0
2026-08-03,tiktok,1729708997377231691,30.0
2026-08-03,tiktok,1729711705428167612,138.0
2026-08-03,tiktok,1729717061637867708,10.0
2026-08-03,tiktok,1729721031896304594,964.0
2026-08-03,tiktok,1729722856401701270,208.0
2026-08-03,tiktok,1729726732486085110,6296.0
2026-08-03,tiktok,1729727987026463350,57.0
2026-08-03,tiktok,1729729922240776760,15.0
2026-08-03,tiktok,1729730375083133478,297.0
2026-08-03,tiktok,1729731025461807407,25.0
2026-08-03,tiktok,1729731028323043896,108.0
2026-08-03,tiktok,1729733179048888837,68.0
2026-08-03,tiktok,1729733180910242309,182.0
2026-08-03,tiktok,1729733181731015173,321.0
2026-08-03,tiktok,1729735528636910436,669.0
2026-08-03,tiktok,1729742762799761731,23.0
2026-08-03,tiktok,1729752613153638968,460.0
2026-08-03,tiktok,1729755509382482037,114.0
2026-08-03,tiktok,1729760412836989007,7.0
2026-08-03,tiktok,1729760487272712271,17.0
2026-08-03,tiktok,1729760501466368079,107.0
2026-08-03,tiktok,1729772987501611580,35.0
2026-08-03,tiktok,1729773295788067333,329.0
2026-08-03,tiktok,1729777068349884685,6.0
2026-08-03,tiktok,1729779086377519373,0.0
2026-08-03,tiktok,1729782787544746163,40.0
2026-08-03,tiktok,1729784969091385988,23.0
2026-08-03,tiktok,1729791271440386633,26.0
2026-08-03,tiktok,1729810326414526543,2.0
2026-08-03,tiktok,1729830935496592153,114.0
2026-08-03,tiktok,1729884651207232061,544.0
2026-08-03,tiktok,1729884789867645501,58.0
2026-08-03,tiktok,1729903729480862476,103.0
2026-08-03,tiktok,1729903836778433328,4.0
2026-08-03,tiktok,1729905735880247938,205.0
2026-08-03,tiktok,1729950481837755212,16.0
2026-08-03,tiktok,1729961705015053131,173.0
2026-08-03,tiktok,1729969070944586615,333.0
2026-08-03,tiktok,1729976827539327544,2302.0
2026-08-03,tiktok,1729992954248465086,1402.0
2026-08-03,tiktok,1729992977998645950,1934.0
2026-08-03,tiktok,1730002106970114891,64.0
2026-08-03,tiktok,1730003841747815365,92.0
2026-08-03,tiktok,1730004402688527180,327.0
2026-08-03,tiktok,1730007634817878405,19.0
2026-08-03,tiktok,1730012266116909637,1.0
2026-08-03,tiktok,1730016572384381209,4818.0
2026-08-03,tiktok,1730040567530359671,120.0
2026-08-03,tiktok,1730044501540637275,558.0
2026-08-03,tiktok,1730048164615588408,380.0
2026-08-03,tiktok,1730051696852437381,632.0
2026-08-03,tiktok,1730073623239166525,4.0
2026-08-03,tiktok,1730076393112570174,266.0
2026-08-03,tiktok,1730092807772474140,1787.0
2026-08-03,tiktok,1730097051739588687,6.0
2026-08-03,tiktok,1730120218570689477,34.0
2026-08-03,tiktok,1730126326154234488,236.0
2026-08-03,tiktok,1730127485938076274,967.0
2026-08-03,tiktok,1730135666279811151,1.0
2026-08-03,tiktok,1730142465122797801,196.0
2026-08-03,tiktok,1730142485560986393,1132.0
2026-08-03,tiktok,1730142506732063180,25.0
2026-08-03,tiktok,1730156068618209497,105.0
2026-08-03,tiktok,1730194171401964498,23.0
2026-08-03,tiktok,1730194736814066267,11.0
2026-08-03,tiktok,1730204211692210827,1.0
2026-08-03,tiktok,1730213213355346763,1973.0
2026-08-03,tiktok,1730218301035481466,901.0
2026-08-03,tiktok,1730218304341445140,2957.0
2026-08-03,tiktok,1730226290120427936,5.0
2026-08-03,tiktok,1730241088367201142,6.0
2026-08-03,tiktok,1730241155496053622,4085.0
2026-08-03,tiktok,1730248854183119370,0.0
2026-08-03,tiktok,1730255233259702342,1028.0
2026-08-03,tiktok,1730257305121097937,580.0
2026-08-03,tiktok,1730261901528828367,499.0
2026-08-03,tiktok,1730276918770305250,1168.0
2026-08-03,tiktok,1730298212942645821,4.0
2026-08-03,tiktok,1730298592765577442,40.0
2026-08-03,tiktok,1730309737139833137,56.0
2026-08-03,tiktok,1730311739968686313,29.0
2026-08-03,tiktok,1730311836471954201,181.0
2026-08-03,tiktok,1730323660311005204,11.0
2026-08-03,tiktok,1730350042244614574,1020.0
2026-08-03,tiktok,1730372186075007819,5.0
2026-08-03,tiktok,1730411080569686639,3131.0
2026-08-03,tiktok,1730414315083631183,662.0
2026-08-03,tiktok,1730414545106733150,9.0
2026-08-03,tiktok,1730419932503706105,389.0
2026-08-03,tiktok,1730422350311229576,325.0
2026-08-03,tiktok,1730424430418561736,19.0
2026-08-03,tiktok,1730451750859016836,37.0
2026-08-03,tiktok,1730452362999859844,172.0
2026-08-03,tiktok,1730457418581052372,400.0
2026-08-03,tiktok,1730483279886519250,18357.0
2026-08-03,tiktok,1730513615850080905,3512.0
2026-08-03,tiktok,1730513928055326790,221.0
2026-08-03,tiktok,1730513994137372742,33.0
2026-08-03,tiktok,1730514109816539254,1947.0
2026-08-03,tiktok,1730517650591156452,15.0
2026-08-03,tiktok,1730524919468100140,3.0
2026-08-03,tiktok,1730527959604759392,202.0
2026-08-03,tiktok,1730535269347854564,76.0
2026-08-03,tiktok,1730539289483446596,153.0
2026-08-03,tiktok,1730557223487178822,55.0
2026-08-03,tiktok,1730569979194083961,301.0
2026-08-03,tiktok,1730579906510162257,679.0
2026-08-03,tiktok,1730583657025473147,575.0
2026-08-03,tiktok,1730589616297315284,24.0
2026-08-03,tiktok,1730589832077216724,21.0
2026-08-03,tiktok,1730591665420601991,25.0
2026-08-03,tiktok,1730616541967517922,59.0
2026-08-03,tiktok,1730626093343082583,67.0
2026-08-03,tiktok,1730628563991496724,9.0
2026-08-03,tiktok,1730633360568256793,17.0
2026-08-03,tiktok,1730646313911945747,8571.0
2026-08-03,tiktok,1730653801210546351,237.0
2026-08-03,tiktok,1730671499624811122,1593.0
2026-08-03,tiktok,1730691805108144354,418.0
2026-08-03,tiktok,1730692018484775807,1178.0
2026-08-03,tiktok,1730693497050336197,47.0
2026-08-03,tiktok,1730701610224617551,3.0
2026-08-03,tiktok,1730720079804468154,507.0
2026-08-03,tiktok,1730720157732211479,462.0
2026-08-03,tiktok,1730730216444561641,332.0
2026-08-03,tiktok,1730730216454130457,151.0
2026-08-03,tiktok,1730730695482968297,125.0
2026-08-03,tiktok,1730735486670964944,283.0
2026-08-03,tiktok,1730736662857549921,2826.0
2026-08-03,tiktok,1730737603107653726,4452.0
2026-08-03,tiktok,1730741603926117061,580.0
2026-08-03,tiktok,1730748420572088623,28.0
2026-08-03,tiktok,1730757828436920842,7035.0
2026-08-03,tiktok,1730775595211786530,79.0
2026-08-03,tiktok,1730776772141550217,291.0
2026-08-03,tiktok,1730781025294977235,47.0
2026-08-03,tiktok,1730800211980749705,122.0
2026-08-03,tiktok,1730802581391379103,78.0
2026-08-03,tiktok,1730806924430838665,279.0
2026-08-03,tiktok,1730807045589404553,4913.0
2026-08-03,tiktok,1730807045589535625,1105.0
2026-08-03,tiktok,1730807058833902473,783.0
2026-08-03,tiktok,1730812763449559998,166.0
2026-08-03,tiktok,1730833181881632906,14.0
2026-08-03,tiktok,1730837885568191135,172.0
2026-08-03,tiktok,1730838393639635017,3919.0
2026-08-03,tiktok,1730838599459637587,146.0
2026-08-03,tiktok,1730854757948296168,62.0
2026-08-03,tiktok,1730886219255090039,18.0
2026-08-03,tiktok,1730909238486993559,38.0
2026-08-03,tiktok,1730923397066033785,1164.0
2026-08-03,tiktok,1730927931525728498,285.0
2026-08-03,tiktok,1730928931577236103,1322.0
2026-08-03,tiktok,1730955870830299783,858.0
2026-08-03,tiktok,1730956013332761223,6398.0
2026-08-03,tiktok,1730956096607324807,3298.0
2026-08-03,tiktok,1730968834330953903,29.0
2026-08-03,tiktok,1730987867430030225,49.0
2026-08-03,tiktok,1731019786189965487,86.0
2026-08-03,tiktok,1731024590317717983,59.0
2026-08-03,tiktok,1731030941541566986,368.0
2026-08-03,tiktok,1731033982204872997,517.0
2026-08-03,tiktok,1731034419208227407,1024.0
2026-08-03,tiktok,1731034798406601548,49.0
2026-08-03,tiktok,1731042160474688222,13.0
2026-08-03,tiktok,1731042567641729666,915.0
2026-08-03,tiktok,1731043209481521246,727.0
2026-08-03,tiktok,1731046027585817208,282.0
2026-08-03,tiktok,1731047408405219407,15.0
2026-08-03,tiktok,1731047443895519311,226.0
2026-08-03,tiktok,1731047644787345487,57.0
2026-08-03,tiktok,1731049737556560850,48.0
2026-08-03,tiktok,1731053157318690895,44.0
2026-08-03,tiktok,1731056828024981851,22.0
2026-08-03,tiktok,1731057306262735761,4.0
2026-08-03,tiktok,1731067196772551281,1233.0
2026-08-03,tiktok,1731068531457624667,1554.0
2026-08-03,tiktok,1731071440905930843,16.0
2026-08-03,tiktok,1731092248415538019,10.0
2026-08-03,tiktok,1731093444464052546,18.0
2026-08-03,tiktok,1731104094930045007,4.0
2026-08-03,tiktok,1731110152396638457,114.0
2026-08-03,tiktok,1731117482007628349,14664.0
2026-08-03,tiktok,1731123314772249223,286.0
2026-08-03,tiktok,1731124606699735613,32316.0
2026-08-03,tiktok,1731125599833000640,1.0
2026-08-03,tiktok,1731134293535066629,1979.0
2026-08-03,tiktok,1731135524985145822,187.0
2026-08-03,tiktok,1731147617082837146,2.0
2026-08-03,tiktok,1731176049886988382,72.0
2026-08-03,tiktok,1731185077799651901,4559.0
2026-08-03,tiktok,1731186709133297982,155.0
2026-08-03,tiktok,1731197205915273824,742.0
2026-08-03,tiktok,1731198262526643141,62.0
2026-08-03,tiktok,1731222980668263181,1.0
2026-08-03,tiktok,1731223085191957166,0.0
2026-08-03,tiktok,1731226908817000602,1.0
2026-08-03,tiktok,1731236788051479109,6.0
2026-08-03,tiktok,1731259334608194012,51.0
2026-08-03,tiktok,1731264797318482011,29.0
2026-08-03,tiktok,1731267057119888547,128317.0
2026-08-03,tiktok,1731274193685743636,5.0
2026-08-03,tiktok,1731287177561015459,916.0
2026-08-03,tiktok,1731289321002403389,3065.0
2026-08-03,tiktok,1731313188214901641,518.0
2026-08-03,tiktok,1731315194809650057,504.0
2026-08-03,tiktok,1731322022558075515,3.0
2026-08-03,tiktok,1731322947501656218,30.0
2026-08-03,tiktok,1731332857774704079,2349.0
2026-08-03,tiktok,1731333867075570387,0.0
2026-08-03,tiktok,1731334019718285885,288.0
2026-08-03,tiktok,1731340204763612323,3740.0
2026-08-03,tiktok,1731353940879444631,23.0
2026-08-03,tiktok,1731354089002994327,14.0
2026-08-03,tiktok,1731354167897131913,247.0
2026-08-03,tiktok,1731357338035193284,163.0
2026-08-03,tiktok,1731358521403804371,0.0
2026-08-03,tiktok,1731361251944991443,0.0
2026-08-03,tiktok,1731374203008812635,1521.0
2026-08-03,tiktok,1731376078251592253,937.0
2026-08-03,tiktok,1731376345514936893,6632.0
2026-08-03,tiktok,1731376515805973053,7158.0
2026-08-03,tiktok,1731398693762271085,298.0
2026-08-03,tiktok,1731401127972604567,335.0
2026-08-03,tiktok,1731401143550708375,547.0
2026-08-03,tiktok,1731401421568641929,1315.0
2026-08-03,tiktok,1731401488297462665,1838.0
2026-08-03,tiktok,1731401558667529097,466.0
2026-08-03,tiktok,1731404018137729037,36.0
2026-08-03,tiktok,1731404020416940325,5.0
2026-08-03,tiktok,1731404033824819213,167.0
2026-08-03,tiktok,1731404033974634789,35.0
2026-08-03,tiktok,1731404050111367181,169.0
2026-08-03,tiktok,1731404105413658637,357.0
2026-08-03,tiktok,1731407050024323476,16.0
2026-08-03,tiktok,1731411336746338329,7.0
2026-08-03,tiktok,1731416818422614597,0.0
2026-08-03,tiktok,1731438635094280271,26.0
2026-08-03,tiktok,1731440744548632143,634.0
2026-08-03,tiktok,1731442415930868948,1263.0
2026-08-03,tiktok,1731448012090148411,776.0
2026-08-03,tiktok,1731454817966131503,1252.0
2026-08-03,tiktok,1731460591053079793,7.0
2026-08-03,tiktok,1731469391370422845,151.0
2026-08-03,tiktok,1731469488918137405,1116.0
2026-08-03,tiktok,1731469558062746173,1101.0
2026-08-03,tiktok,1731469697645447741,847.0
2026-08-03,tiktok,1731469732439231037,1181.0
2026-08-03,tiktok,1731469860613752035,7.0
2026-08-03,tiktok,1731481465892013225,1219.0
2026-08-03,tiktok,1731488564126778941,2340.0
2026-08-03,tiktok,1731498750502734789,12.0
2026-08-03,tiktok,1731510908082423689,266.0
2026-08-03,tiktok,1731510971645920269,99.0
2026-08-03,tiktok,1731514893598032908,406.0
2026-08-03,tiktok,1731530755891759802,1.0
2026-08-03,tiktok,1731532268201740879,27.0
2026-08-03,tiktok,1731535058225171035,1.0
2026-08-03,tiktok,1731535377919412827,10.0
2026-08-03,tiktok,1731541837211207561,334.0
2026-08-03,tiktok,1731543672256760434,9.0
2026-08-03,tiktok,1731544507192085324,0.0
2026-08-03,tiktok,1731559686057592902,86.0
2026-08-03,tiktok,1731573244530165670,565.0
2026-08-03,tiktok,1731579436322884259,2.0
2026-08-03,tiktok,1731586308520184640,6.0
2026-08-03,tiktok,1731587491905505163,993.0
2026-08-03,tiktok,1731591265512688189,526.0
2026-08-03,tiktok,1731592187910392675,0.0
2026-08-03,tiktok,1731594882829158897,286.0
2026-08-03,tiktok,1731600889399642835,52.0
2026-08-03,tiktok,1731652536009067031,6460.0
2026-08-03,tiktok,1731653596638381069,46.0
2026-08-03,tiktok,1731656358597330483,342.0
2026-08-03,tiktok,1731659692216978426,128.0
2026-08-03,tiktok,1731661302028666491,156.0
2026-08-03,tiktok,1731674688032771013,3.0
2026-08-03,tiktok,1731697329897899913,56.0
2026-08-03,tiktok,1731699132877801021,3204.0
2026-08-03,tiktok,1731702017127581259,1738.0
2026-08-03,tiktok,1731702251983571814,476.0
2026-08-03,tiktok,1731705580757878876,392.0
2026-08-03,tiktok,1731712216957421191,20.0
2026-08-03,tiktok,1731712228910925447,121.0
2026-08-03,tiktok,1731714783883986523,456.0
2026-08-03,tiktok,1731721099609279038,56.0
2026-08-03,tiktok,1731721659505871422,117.0
2026-08-03,tiktok,1731725581680478789,33.0
2026-08-03,tiktok,1731726735646296907,9.0
2026-08-03,tiktok,1731727571226430043,13.0
2026-08-03,tiktok,1731738965484931863,81.0
2026-08-03,tiktok,1731740147575851779,0.0
2026-08-03,tiktok,1731740169222785423,0.0
2026-08-03,tiktok,1731740196708649731,0.0
2026-08-03,tiktok,1731740445664512771,0.0
2026-08-03,tiktok,1731741916813101484,2.0
2026-08-03,tiktok,1731751471316372299,46.0
2026-08-03,tiktok,1731753266075044796,0.0
2026-08-03,tiktok,1731754562550270525,118.0
2026-08-03,tiktok,1731758045300754695,4.0
2026-08-03,tiktok,1731758898122294789,2027.0
2026-08-03,tiktok,1731759474008491581,1800.0
2026-08-03,tiktok,1731760001872528957,1587.0
2026-08-03,tiktok,1731762447503035333,1.0
2026-08-03,tiktok,1731764383051843133,1507.0
2026-08-03,tiktok,1731764546422015549,745.0
2026-08-03,tiktok,1731764667830864785,5.0
2026-08-03,tiktok,1731767292810397302,148.0
2026-08-03,tiktok,1731767753712109449,106.0
2026-08-03,tiktok,1731767923182700425,131.0
2026-08-03,tiktok,1731768051409127042,35.0
2026-08-03,tiktok,1731768372885621697,0.0
2026-08-03,tiktok,1731770610111841943,12.0
2026-08-03,tiktok,1731770667617977357,10.0
2026-08-03,tiktok,1731772156036352832,27.0
2026-08-03,tiktok,1731772352600115803,3.0
2026-08-03,tiktok,1731772421813930078,45.0
2026-08-03,tiktok,1731774235316619855,115.0
2026-08-03,tiktok,1731774618196216713,75.0
2026-08-03,tiktok,1731775437843106418,95.0
2026-08-03,tiktok,1731787763212192317,3864.0
2026-08-03,tiktok,1731787765246691901,199.0
2026-08-03,tiktok,1731788085504149517,119.0
2026-08-03,tiktok,1731794273206962628,105.0
2026-08-03,tiktok,1731801320084966008,1.0
2026-08-03,tiktok,1731813507842673545,255.0
2026-08-03,tiktok,1731829611641669702,4.0
2026-08-03,tiktok,1731832548026715017,125.0
2026-08-03,tiktok,1731834972526707725,6707.0
2026-08-03,tiktok,1731837023069898633,163.0
2026-08-03,tiktok,1731839975448610455,15.0
2026-08-03,tiktok,1731867111418464350,110.0
2026-08-03,tiktok,1731904835663791731,630.0
2026-08-03,tiktok,1731907735769418521,1433.0
2026-08-03,tiktok,1731907755972660066,2019.0
2026-08-03,tiktok,1731908571319666921,12.0
2026-08-03,tiktok,1731945891253815177,120.0
2026-08-03,tiktok,1731951137503544911,341.0
2026-08-03,tiktok,1731953722932234860,2.0
2026-08-03,tiktok,1731999339985406022,0.0
2026-08-03,tiktok,1732013230333854993,196.0
2026-08-03,tiktok,1732044287903238679,594.0
2026-08-03,tiktok,1732044492964268891,585.0
2026-08-03,tiktok,1732044691795446467,52.0
2026-08-03,tiktok,1732084027449510177,213.0
2026-08-03,tiktok,1732105559420078361,633.0
2026-08-03,tiktok,1732118776752408596,282.0
2026-08-03,tiktok,1732121180100396179,3445.0
2026-08-03,tiktok,1732132995003352786,216.0
2026-08-03,tiktok,1732133502274668786,1110.0
2026-08-03,tiktok,1732173102979319821,114.0
2026-08-03,tiktok,1732193559271016157,13.0
2026-08-03,tiktok,1732197751123774087,117.0
2026-08-03,tiktok,1732199259184989886,235.0
2026-08-03,tiktok,1732204024324523028,36.0
2026-08-03,tiktok,1732226750748658255,57.0
2026-08-03,tiktok,1732226766713490240,9.0
2026-08-03,tiktok,1732229147548945349,19.0
2026-08-03,tiktok,1732243955529976049,0.0
2026-08-03,tiktok,1732244160035523087,39.0
2026-08-03,tiktok,1732248258726169481,304.0
2026-08-03,tiktok,1732249368886545227,42.0
2026-08-03,tiktok,1732257174215100297,41.0
2026-08-03,tiktok,1732271922162403458,44.0
2026-08-03,tiktok,1732284035609168261,0.0
2026-08-03,tiktok,1732286381444663366,3.0
2026-08-03,tiktok,1732294361629033495,30.0
2026-08-03,tiktok,1732303990040267666,2255.0
2026-08-03,tiktok,1732309752629266665,98.0
2026-08-03,tiktok,1732309763661990402,1677.0
2026-08-03,tiktok,1732309849427314921,231.0
2026-08-03,tiktok,1732310085638916329,21.0
2026-08-03,tiktok,1732310245872798489,45.0
2026-08-03,tiktok,1732340861833808238,46.0
2026-08-03,tiktok,1732340931440511342,385.0
2026-08-03,tiktok,1732380735913952985,1254.0
2026-08-03,tiktok,1732420149417903445,456.0
2026-08-03,tiktok,1732446353444078686,42.0
2026-08-03,tiktok,1732606021648090208,279.0
2026-08-03,tiktok,1732683554442937831,96.0
2026-08-03,tiktok,1732743499516380254,53.0
2026-08-03,tiktok,1732784161135429573,16.0
2026-08-03,tiktok,1732804732002206883,6048.0
2026-08-03,tiktok,1732832231601833523,634.0
